Year,TD109a,TD109b,TD036a,TD036b,TD069a,TD069b,TD237a,TD237b,TD077a,TD077b,TD045a,TD045b,TD057a,TD057b,TD238a,TD238b,TD176a,TD176b,TD172a,TD172b,TD166a,TD166b,TD088a,TD088b,TNR41a,TNR41b,TNR51a,TNR51b,TNR37a,TNR37b,TD035a,TD035b,TD053a,TD053b,TD070a,TD070b,TD81a,TD81b,TD039a,TD039b,TD028a,TD028b,TD048a,TD048b,TD049a,TD049b,TD052a,TD052b,TD054a,TD054b,TNR33a,TNR33b,TD012a,TD012b,TD066a,TD066b,TD034a,TD034b,TD056a,TD056b,TNR21a,TNR21b,TNR42a,TNR42b,TNR39a,TNR39b,TD047a,TD047b,TD079a,TD079b,TD144a,TD144b,TD031a,TD031b,TNR20a,TNR20b,TNR45a,TNR45b,TNR43a,TNR43b,TNR49a,TNR49b,TD030a,TD030b,TD029a,TD029b,TD023a,TD023b,TD167a,TD167b,TN001a,TN001b,TN002a,TN002b,TN003a,TN003b,TN004a,TN004b,TN005a,TN005b,TN006a,TN006b,TN007a,TN007b,TN008a,TN008b,TN009a,TN009b,TN011a,TN011b,TN012a,TN012b,TN013a,TN013b,TN014a,TN014b,TN015a,TN015b,TN016a,TN016b,TN017a,TN017b,TN018a,TN018b,TN019a,TN019b,TN020a,TN020b,TN021a,TN021b,TN022a,TN022b,TN023a,TN023b,TN024a,TN024b,TN025a,TN025b,TN026a,TN026b,TN027a,TN027b,TN028a,TN028b,TN029a,TN029b,TN030a,TN030b,TN031a,TN031b,TN032a,TN032b,TN033a,TN033b
1725,,,,,,,773.628,777.796,,,,,,,,,,,,,,,,,,,,,,,,,,,,,,,,,,,,,,,,,,,,,,,,,,,,,,,,,,,,,,,,,,,,,,,,,,,,,,,,,,,,,,,,,,,,,,,,,,,,,,,,,,,,,,,,,,,,,,,,,,,,,,,,,,,,,,,,,,,,,,,,,,
1726,,444.933,,,,,577.678,591.266,,,,,,,,,,,,,,,,,,,,,,,,,,,,,,,,,,,,,,,,,,,,,,,,,,,,,,,,,,,,,,,,,,,,,,,,,,,,,,,,,,,,,,,,,,,,,,,,,,,,,,,,,,,,,,,,,,,,,,,,,,,,,,,,,,,,,,,,,,,,,,,,,,
1727,,330.469,,,,,464.087,465.162,,,,,,,,,,,,,,,,,,,,,,,,,,,,,,,,,,,,,,,,,,,,,,,,,,,,,,,,,,,,,,,,,,,,,,,,,,,,,,,,,,,,,,,,,,,,,,,,,,,,,,,,,,,,,,,,,,,,,,,,,,,,,,,,,,,,,,,,,,,,,,,,,,
1728,338.491,337.635,,,,,472.373,474.56,,,304.708,301.001,472.402,484.345,,,,,,,,,,,,,,,,,,,,,,,,,,,,,,,,,,,,,,,,,,,,,,,,,,,,,,,,,,,,,,,,,,,,,,,,,,,,,,,,,,,,,,,,,,,,,,,,,,,,,,,,,,,,,,,,,,,,,,,,,,,,,,,,,,,,,,,,,,,,
1729,258.273,268.443,,,,,369.961,373.82,202.014,192.162,182.412,189.836,376.002,376.177,,,,,,,,,,,,,,,,,,,,,,,,,,,,,,,,,,,,,,,,,,,,,,,,,,,,,,,,,,,,,,,,,,,,,,,,,,,,,,,,,,,,,,,,,,,,,,,,,,,,,,,,,,,,,,,,,,,,,,,,,,,,,,,,,,,,,,,,,,,,
1730,168.066,171.403,,,,,225.707,225.71,189.838,185.492,209.187,216.9,407.716,414.001,,,,,,,,,,,,,,,,,,,,,,,,,,,,,,,,,,,,,,,,,,,,,,,,,,,,,,,,,,,,,,,,,,,,,,,,,,,,,,,,,,,,,,,,,,,,,,,,,,,,,,,,,,,,,,,,,,,,,,,,,,,,,,,,,,,,,,,,,,,,
1731,168.246,171.183,,,334.647,325.217,207.97,209.683,409.415,382.518,511.478,511.73,479.031,480.339,,,,,,,,,,,,,,,,,,,,,,,,,,,,,,,,,,,,,,,,,,,,,,,,,,,,,,,,,,,,,,,,,,,,,,,,,,,,,,,,,,,,,,,,,,,,,,,,,,,,,,,,,,,,,,,,,,,,,,,,,,,,,,,,,,,,,,,,,,,,
1732,190.843,192.834,,,397.232,399.956,232.239,233.298,451.175,441.319,625.055,653.674,666.163,687.308,,,,,,,,,,,,,,,,,,,,,,,,,,,,,,,,,,,,,,,,,,,,,,,,,,,,,,,,,,,,,,,,,,,,,,,,,,,,,,,,,,,,,,,,,,,,,,,,,,,,,,,,,,,,,,,,,,,,,,,,,,,,,,,,,,,,,,,,,,,,
1733,129.866,131.789,,,353.421,339.485,146.72,147.892,332.907,300.064,490.039,475.638,557.346,556.686,,,,,,,,,,,,,,,,,,,,,,,,,,,,,,,,,,,,,,,,,,,,,,,,,,,,,,,,,,,,,,,,,,,,,,,,,,,,,,,,,,,,,,,,,,,,,,,,,,,,,,,,,,,,,,,,,,,,,,,,,,,,,,,,,,,,,,,,,,,,
1734,135.742,138.629,,,449.105,447.733,168.673,169.063,304.07,309.204,455.238,467.068,545.505,555.059,,,,,,,,,,,,,,,,,,,,,,,,,,,,,,,,,,,,,,,,,,,,,,,,,,,,,,,,,,,,,,,,,,,,,,,,,,,,,,,,,,,,,,,,,,,,,,,,,,,,,,,,,,,,,,,,,,,,,,,,,,,,,,,,,,,,,,,,,,,,
1735,102.254,101.337,455.404,454.85,357.436,344.291,124.753,124.823,240.92,229.831,364.849,363.239,400.604,386.986,,,,,,,,,,,,,,,,,,,,,,,,,,,,,,,,,,,,,,,,,,,,,,,,,,,,,,,,,,,,,,,,,,,,,,,,,,,,,,,,,,,,,,,,,,,,,,,,,,,,,,,,,,,,,,,,,,,,,,,,,,,,,,,,,,,,,,,,,,,,
1736,78.251,80.141,541.723,590.961,362.736,363.028,111.353,111.325,167.611,148.798,284.261,286.107,315.073,314.37,,,,,,,,,,,,,,,,,,,,,,,,,,,,,,,,,,,,,,,,,,,,,,,,,,,,,,,,,,,,,,,,,,,,,,,,,,,,,,,,,,,,,,,,,,,,,,,,,,,,,,,,,,,,,,,,,,,,,,,,,,,,,,,,,,,,,,,,,,,,
1737,89.536,89.643,589.941,594.127,338.755,330.755,111.559,113.989,174.084,163.832,313.914,309.625,312.147,313.022,,,,,,,,,,,,,,,,,,,,,,,,,,,,,,,,,,,,,,,,,,,,,,,,,,,,,,,,,,,,,,,,,,,,,,,,,,,,,,,,,,,,,,,,,,,,,,,,,,,,,,,,,,,,,,,,,,,,,,,,,,,,,,,,,,,,,,,,,,,,
1738,55.5,58.288,571.133,595.323,235.914,236.886,79.73,79.373,100.827,114.307,273.402,261.039,238.076,236.25,610.482,605.812,,,,,,,,,,,,,,,,,,,,,,,,,,,,,,,,,,,,,,,,,,,,,,,,,,,,,,,,,,,,,,,,,,,,,,,,,,,,,,,,,,,,,,,,,,,,,,,,,,,,,,,,,,,,,,,,,,,,,,,,,,,,,,,,,,,,,,,,,,
1739,57.54,61.008,567.702,565.462,201.551,198.326,86.864,87.596,84.199,90.918,226.338,233.495,205.877,207.844,556.823,555.366,,,,,,,,,,,,,,,,,,,,,,,,,,,,,,,,,,,,,,,,,,,,,,,,,,,,,,,,,,,,,,,,,,,,,,,,,,,,,,,,,,,,,,,,,,,,,,,,,,,,,,,,,,,,,,,,,,,,,,,,,,,,,,,,,,,,,,,,,,
1740,38.194,38.781,503.642,504.141,187.559,184.078,47.238,47.895,46.086,46.519,192.051,191.573,184.076,181.638,447.466,447.51,,,,,,,,,,,,,,,,,,,,,,,,,,,,,,,,,,,,,,,,,,,,,,,,,,,,,,,,,,,,,,,,,,,,,,,,,,,,,,,,,,,,,,,,,,,,,,,,,,,,,,,,,,,,,,,,,,,,,,,,,,,,,,,,,,,,,,,,,,
1741,29.958,30.61,356.038,356.702,137.543,132.589,38.84,38.228,24.182,24.472,123.162,124.372,97.661,97.491,263.523,248.184,,,,,,,,,,,,,,,,,,,,,,,,,,,,,,,,,,,,,,,,,,,,,,,,,,,,,,,,,,,,,,,,,,,,,,,,,,,,,,,,,,,,,,,,,,,,,,,,,,,,,,,,,,,,,,,,,,,,,,,,,,,,,,,,,,,,,,,,,,
1742,31.421,33.688,307.179,310.703,134.079,138.403,37.733,38.115,25.445,26.755,137.314,136.113,107.743,109.591,228.482,229.823,,,,,,,,,,,,,,,,,,,,,,,,,,,,,,,,,,,,,,,,,,,,,,,,,,,,,,,,,,,,,,,,,,,,,,,,,,,,,,,,,,,,,,,,,,,,,,,,,,,,,,,,,,,,,,,,,,,,,,,,,,,,,,,,,,,,,,,,,,
1743,26.015,26.606,224.777,232.543,105.845,101.007,35.625,34.74,27.256,26.914,92.901,97.546,75.844,75.168,173.857,172.583,,,,,,,,,,,,,,,,,,,,,,,,,,,,,,,,,,,,,,,,,,,,,,,,,,,,,,,,,,,,,,,,,,,,,,,,,,,,,,,,,,,,,,,,,,,,,,,,,,,,,,,,,,,,,,,,,,,,,,,,,,,,,,,,,,,,,,,,,,
1744,43.728,46.636,279.624,284.545,150.456,153.941,56.244,57.721,17.124,15.714,98.978,101.622,91.736,92.619,227.273,229.272,,,,,,,,,,,,,,,,,,,,,,,,,,,,,,,,,,,,,,,,,,,,,,,,,,,,,,,,,,,,,,,,,,,,,,,,,,,,,,,,,,,,,,,,,,,,,,,,,,,,,,,,,,,,,,,,,,,,,,,,,,,,,,,,,,,,,,,,,,
1745,54.7,53.436,325.98,326.706,178.101,176.712,68.728,70.231,44.4,44.062,108.52,112.294,94.132,96.378,269.038,264.363,,,,,,,,,,,,,,,,,,,,,,,,,,,,,,,,,,,,,,,,,,,,,,,,,,,,,,,,,,,,,,,,,,,,,,,,,,,,,,,,,,,,,,,,,,,,,,,,,,,,,,,,,,,,,,,,,,,,,,,,,,,,,,,,,,,,,,,,,,
1746,59.598,59.147,305.441,313.793,174.906,175.834,83.015,83.233,60.596,63.848,93.261,93.9,93.2,91.895,259.884,255.63,,,,,,,,,,,,,,,,,,,,,,,,,,,,,,,,,,,,,,,,,,,,,,,,,,,,,,,,,,,,,,,,,,,,,,,,,,,,,,,,,,,,,,,,,,,,,,,,,,,,,,,,,,,,,,,,,,,,,,,,,,,,,,,,,,,,,,,,,,
1747,66.625,65.707,318.926,320.493,180.801,176.341,97.721,96.771,71.74,80.107,137.296,138.815,138.052,137.367,239.195,239.797,,,,,,,,,,,,,,,,,,,,,,,,,,,,,,,,,,,,,,,,,,,,,,,,,,,,,,,,,,,,,,,,,,,,,,,,,,,,,,,,,,,,,,,,,,,,,,,,,,,,,,,,,,,,,,,,,,,,,,,,,,,,,,,,,,,,,,,,,,
1748,50.435,51.395,253.403,257.506,130.366,129.944,72.763,72.196,44.755,50.376,109.137,110.018,102.486,104.869,187.593,189.125,,,,,,,,,,,,,,,,,,,,,,,,,,,,,,,,,,,,,,,,,,,,,,,,,,,,,,,,,,,,,,,,,,,,,,,,,,,,,,,,,,,,,,,,,,,,,,,,,,,,,,,,,,,,,,,,,,,,,,,,,,,,,,,,,,,,,,,,,,
1749,43.788,42.561,186.412,187.807,112.149,108.816,65.829,67.809,46.457,50.679,95.633,100.789,92.38,94.039,137.792,135.945,,,,,,,,,,,,,,,,,,,,,,,,,,,,,,,,,,,,,,,,,,,,,,,,,,,,,,,,,,,,,,,,,,,,,,,,,,,,,,,,,,,,,,,,,,,,,,,,,,,,,,,,,,,,,,,,,,,,,,,,,,,,,,,,,,,,,,,,,,
1750,40.868,40.578,164.845,170.248,116.12,121.002,63.759,62.509,35.56,35.768,96.767,99.02,92.592,93.162,124.366,122.093,,,,,,,,,,,,,,,,,,,,,,,,,,,,,,,,,,,,,,,,,,,,,,,,,,,,,,,,,,,,,,,,,,,,,,,,,,,,,,,,,,,,,,,,,,,,,,,,,,,,,,,,,,,,,,,,,,,,,,,,,,,,,,,,,,,,,,,,,,
1751,36.987,36.238,128.901,129.78,73.356,68.793,45.332,46.606,16.572,11.594,65.036,67.261,49.963,51.827,83.872,84.927,,,,,,,,,,,,,,,,,,,,,,,,,,,,,,,,,,,,,,,,,,,,,,,,,,,,,,,,,,,,,,,,,,,,,,,,,,,,,,,,,,,,,,,,,,,,,,,,,,,,,,,,,,,,,,,,,,,,,,,,,,,,,,,,,,,,,,,,,,
1752,25.419,18.998,115.266,114.582,79.143,78.89,36.836,38.307,13.559,27.449,73.259,75.962,62.497,67.466,95.212,85.958,,,,,,,,,,,,,,,,,,,,,,,,,,,,,,,,,,,,,,,,,,,,,,,,,,,,,,,,,,,,,,,,,,,,,,,,,,,,,,,,,,,,,,,,,,,,,,,,,,,,,,,,,,,,,,,,,,,,,,,,,,,,,,,,,,,,,,,,,,
1753,5.616,4.759,65.41,63.822,22.133,27.074,11.643,11.308,11.034,9.265,48.006,46.322,33.766,31.15,46.464,51.872,,,,,,,,,,,,,,,,,,,,,,,,,,,,,,,,,,,,,,,,,,,,,,,,,,,,,,,,,,,,,,,,,,,,,,,,,,,,,,,,,,,,,,,,,,,,,,,,,,,,,,,,,,,,,,,,,,,,,,,,,,,,,,,,,,,,,,,,,,
1754,5.437,6.967,59.585,61.068,24.358,17.224,9.858,10.058,14.515,8.85,45.419,45.489,33.515,33.958,44.707,41.55,,,,,,,,,,,,,,,,,,,,,,,,,,,,,,,,,,,,,,,,,,,,,,,,,,,,,,,,,,,,,,,,,,,,,,,,,,,,,,,,,,,,,,,,,,,,,,,,,,,,,,,,,,,,,,,,,,,,,,,,,,,,,,,,,,,,,,,,,,
1755,19.899,19.963,57.703,57.944,38.269,41.011,24.689,24.565,10.673,12.418,54.081,54.642,39.209,39.941,42.133,43.043,,,,,,,,,,,,,,,,,,,,,,,,,,,,,,,,,,,,,,,,,,,,,,,,,,,,,,,,,,,,,,,,,,,,,,,,,,,,,,,,,,,,,,,,,,,,,,,,,,,,,,,,,,,,,,,,,,,,,,,,,,,,,,,,,,,,,,,,,,
1756,27.891,31.202,73.531,74.047,48.626,49.743,35.154,35.267,21.814,23.265,66.016,69.642,53.629,53.072,51.419,52.792,,,,,,,,,,,,,,,,,,,,,,,,,,,,,,,,,,,,,,,,,,,,,,,,,,,,,,,,,,,,,,,,,,,,,,,,,,,,,,,,,,,,,,,,,,,,,,,,,,,,,,,,,,,,,,,,,,,,,,,,,,,,,,,,,,,,,,,,,,
1757,22.758,18.578,69.901,73.962,53.07,50.062,29.464,29.972,23.702,23.999,66.576,63.673,42.662,45.4,46.806,49.107,,,,,,,,,,,,,,,,,,,,,,,,,,,,,,,,,,,,,,,,,,,,,,,,,,,,,,,,,,,,,,,,,,,,,,,,,,,,,,,,,,,,,,,,,,,,,,,,,,,,,,,,,,,,,,,,,,,,,,,,,,,,,,,,,,,,,,,,,,
1758,15.951,16.108,81.721,77.494,58.28,56.022,22.543,22.285,22.026,20.202,63.169,61.092,56.57,56.552,53.909,52.553,,,,,,,,,,,,,,,,,,,,,,,,,,,,,,,,,,,,,,,,,,,,,,,,,,,,,,,,,,,,,,,,,,,,,,,,,,,,,,,,,,,,,,,,,,,,,,,,,,,,,,,,,,,,,,,,,,,,,,,,,,,,,,,,,,,,,,,,,,
1759,16.052,17.788,73.487,70.971,41.562,42.279,22.012,23.59,14.599,19.113,45.729,47.304,29.265,33.018,38.329,45.639,,,,,,,,,,,,,,,,,,,,,,,,,,,,,,,,,,,,,,,,,,,,,,,,,,,,,,,,,,,,,,,,,,,,,,,,,,,,,,,,,,,,,,,,,,,,,,,,,,,,,,,,,,,,,,,,,,,,,,,,,,,,,,,,,,,,,,,,,,
1760,28.4,26.08,96.934,103.507,73.011,76.307,45.802,43.189,39.524,40.097,61.574,64.317,47.074,45.358,53.101,65.361,,,,,,,,,,,,,,,,,,,,,,,,,,,,,,,,,,,,,,,,,,,,,,,,,,,,,,,,,,,,,,,,,,,,,,,,,,,,,,,,,,,,,,,,,,,,,,,,,,,,,,,,,,,,,,,,,,,,,,,,,,,,,,,,,,,,,,,,,,
1761,19.077,18.973,77.429,75.871,62.429,60.402,39.127,41.619,35.125,40.843,46.712,48.917,34.232,36.341,40.498,42.947,,,,,,,540.221,552.472,,,,,,,,,,,,,,,,,,,,,,,,,,,,,,,,,,,,,,,,,,,,,,,,,,,,,,,,,,,,,,,,,,,,,,,,,,,,,,,,,,,,,,,,,,,,,,,,,,,,,,,,,,,,,,,,,,,,,,,,,,,,,,,,,,
1762,22.234,21.873,64.039,67.017,45.864,44.231,38.779,39.45,28.114,36.154,54.445,53.833,53.254,51.012,38.863,42.743,,,,,,,721.814,704.728,,,,,,,,,,,,,,,,,,,,,,,,,,,,,,,,,,,,,,,,,,,,,,,,,,,,,,,,,,,,,,,,,,,,,,,,,,,,,,,,,,,,,,,,,,,,,,,,,,,,,,,,,,,,,,,,,,,,,,,,,,,,,,,,,,
1763,31.609,31.886,81.977,83.508,70.915,70.151,60.901,59.479,50.305,56.576,57.306,56.154,58.794,59.989,43.694,50.035,,,,,,,705.393,708.952,,,,,,,,,,,,,,,,,,,,,,,,,,,,,,,,,,,,,,,,,,,,,,,,,,,,,,,,,,,,,,,,,,,,,,,,,,,,,,,,,,,,,,,,,,,,,,,,,,,,,,,,,,,,,,,,,,,,,,,,,,,,,,,,,,
1764,31.06,28.994,57.355,59.428,47.196,47.487,38.213,39.844,16.473,20.145,41.969,44.137,30.919,30.646,36.184,37.94,,,,,,,594.234,601.005,,,,,,,,,,,,,,,,,,,,,408.27,409.866,,,,,,,,,,,,,,,,,,,,,,,,,,,,,,,,,,,,,,,,,,,,,,,,,,,,,,,,,,,,,,,,,,,,,,,,,,,,,,,,,,,,,,,,,,,,,,,,,,,,,,,,,,,,
1765,28.924,28.498,101.586,97.09,47.938,48.804,51.957,53.093,37.993,41.453,58.11,55.347,50.431,53.28,53.496,52.644,,,,,,,615.226,619.699,,,,,,,,,,,,,,,,,,,,,532.759,529.324,,,,,,,,,,,,,,,,,,,,,,,,,,,,,,,,,,,,,,,,,,,,,,,,,,,,,,,,,,,,,,,,,,,,,,,,,,,,,,,,,,,,,,,,,,,,,,,,,,,,,,,,,,,,
1766,23.217,22.113,78.449,73.746,43.136,41.903,45.086,44.186,28.321,30.544,51.627,56.185,58.116,55.733,35.554,41.732,,,,,,,458.799,458.244,,,,,,,,,,,,,,,,,,,,,434.952,455.426,,,522.424,534.126,,,,,475.977,485.606,,,,,,,,,,,,,,,,,,,,,,,,,,,,,,,,,,,,,,,,,,,,,,,,,,,,,,,,,,,,,,,,,,,,,,,,,,,,,,,,,,,,,,,,,,,,,,,,,,
1767,16.719,17.073,49.945,53.695,24.964,23,20.609,22.163,11.015,11.811,37.246,38.116,27.235,28.767,26.785,23.526,,,,,,,344.865,348.608,,,,,,,,,,,,,,,,,,,,,347.227,348.834,,,383.529,398.877,,,,,387.885,399.289,,,,,,,,,,,,,,,,,,,,,,,,,,,,,,,,,,,,,,,,,,,,,,,,,,,,,,,,,,,,,,,,,,,,,,,,,,,,,,,,,,,,,,,,,,,,,,,,,,
1768,8.168,6.035,39.235,37.985,16.02,18.221,14.804,13.351,7.883,7.995,30.881,27.043,26.156,26.413,19.746,25.604,,,,,,,228.649,228.039,,,,,,,,,,,,,,,,,,,,,226.714,230.067,,,211.857,239.627,,,,,278.028,287.128,,,,,,,,,,,,,,,,,,,,,,,,,,,,,,,,,,,,,,,,,,,,,,,,,,,,,,,,,,,,,,,,,,,,,,,,,,,,,,,,,,,,,,,,,,,,,,,,,,
1769,19.216,19.616,62.979,64.155,38.207,37.149,26.329,26.301,16.253,16.928,39.351,37.052,38.136,35.254,36.666,38.012,,,,,,,264.786,263.236,,,,,,,,,,,,,,,,,,,,,265.103,270.722,,,343.299,383.943,,,,,338.256,344.64,,,,,,,,,,,,,,,,,,,,,,,,,,,,,,,,,,,,,,,,,,,,,,,,,,,,,,,,,,,,,,,,,,,,,,,,,,,,,,,,,,,,,,,,,,,,,,,,,,
1770,15.15,16.754,71.177,68.054,43.139,44.435,33.96,34.81,28.144,30.613,41.043,45.049,40.784,41.109,35.465,37.233,,,,,,,286.915,287.847,,,,,,,,,,,,,,,,,,,,,279.378,279.849,,,330.929,370.428,,,,,360.26,365.523,,,,,,,,,,,,,,,,,,,,,,,,,,,,,,,,,,,,,,,,,,,,,,,,,,,,,,,,,,,,,,,,,,,,,,,,,,,,,,,,,,,,,,,,,,,,,,,,,,
1771,31.378,31.724,68.857,67.328,42.446,40.091,54.272,54.168,24.142,26.364,49.912,42.896,50.775,50.007,36.552,39.694,,,,,,,222.805,227.068,,,,,,,,,,,,,,,,,,,,,218.378,222.801,,,255.551,291.432,,,,,283.866,298.392,,,,,,,,,,,,,,,,,,,,,,,,,,,,,,,,,,,,,,,,,,,,,,,,,,,,,,,,,,,,,,,,,,,,,,,,,,,,,,,,,,,,,,,,,,,,,,,,,,
1772,26.758,21.152,64.815,62.872,38.622,37.533,50.129,47.685,27.087,29.044,46.821,46.002,51.564,50.761,34.736,38.85,,,,,,,189.926,190.023,,,,,,,,,,,,,,,,,,,,,160.253,161.1,,,189.203,210.338,,,,,229.151,236.006,,,,,,,,,,,,,,,,,,,,,,,,,,,,,,,,,,,,,,,,,,,,,,,,,,,,,,,,,,,,,,,,,,,,,,,,,,,,,,,,,,,,,,,,,,,,,,,,,,
1773,22.602,23.881,66.823,65.867,42.39,44.153,43.883,46.03,27.948,32.88,47.519,47.092,37.795,40.732,39.334,41.524,,,,,,,142.206,142.381,,,,,,,,,,,,,,,,,,,,,133.037,133.321,,,153.948,158.45,,,,,160.186,165.952,,,,,,,,,,,,,,,,,,,,,,,,,,,,,,,,,,,,,,,,,,,,,,,,,,,,,,,,,,,,,,,,,,,,,,,,,,,,,,,,,,,,,,,,,,,,,,,,,,
1774,19.965,19.712,78.358,76.084,51.405,52.037,38.694,38.455,37.711,33.389,47.226,44.309,57.228,57.723,33.087,33.591,,,,,,,136.748,140.74,,,,,,,,,,,,,,,,,,,,,126.086,125.77,,,150.519,165.114,,,,,140.303,149.004,,,,,,,,,,,,,,,,,,,,,,,,,,,,,,,,,,,,,,,,,,,,,,,,,,,,,,,,,,,,,,,,,,,,,,,,,,,,,,,,,,,,,,,,,,,,,,,,,,
1775,9.861,10.144,53.522,54.784,24.624,23.995,16.657,18.267,8.687,11.797,35.482,30.634,33.557,34.98,16.678,27.583,,,,,,,82.094,82.613,,,,,,,,,,,,,,,,,,,,,76.289,77.274,,,85.756,83.6,,,,,87.283,88.836,,,,,,,,,,,,,,,,,,,,,,,,,,,,,,,,,,,,,,,,,,,,,,,,,,,,,,,,,,,,,,,,,,,,,,,,,,,,,,,,,,,,,,,,,,,,,,,,,,
1776,,,46.375,46.499,31.723,30.019,32.96,51.127,19.211,17.234,43.67,45.661,43.144,41.182,22.757,27.587,,,,,,,95.599,94.093,,,,,,,,,,,,,,,,,,,,,87.62,84.813,,,92.284,98.518,,,,,94.105,92.426,,,,,,,,,,,,,,,,,,,,,,,,,,,,,,,,,,,,,,,,,,,,,,,,,,,,,,,,,,,,,,,,,,,,,,,,,,,,,,,,,,,,,,,,,,,,,,,,,,
1777,,,49.288,46.835,30.105,29.522,20.99,19.165,15.501,15.225,39.176,35.683,,,,,,,,,,,76.574,77.701,,,,,,,,,,,,,,,,,,,,,75.247,78.407,,,84.7,82.443,,,,,75.984,78.307,,,,,,,,,,,,,,,,,,,,,,,,,,,,,,,,,,,,,,,,,,,,,,,,,,,,,,,,,,,,,,,,,,,,,,,,,,,,,,,,,,,,,,,,,,,,,,,,,,
1778,,,50.001,47.115,34.027,31.881,19.637,19.732,11.873,14.738,38.994,35.186,,,,,,,,,,,75.646,79.286,,,,,,,,,,,,,,,,,,,,,61.058,57.828,,,94.55,94.203,,,,,75.488,78.162,,,,,,,,,,,,,,,,,,,,,,,,,,,,,,,,,,,,,,,,,,,,,,,,,,,,,,,,,,,,,,,,,,,,,,,,,,,,,,,,,,,,,,,,,,,,,,,,,,
1779,,,46.879,47.011,21.913,21.754,18.071,25.431,17.79,13.523,36.249,35.112,,,,,,,,,,,68.706,65.718,,,,,,,,,,,,,,,,,,,,,44.001,45.808,,,80.012,78.503,,,,,61.837,65.961,,,,,,,,,,,,,,,,,,,,,,,,,,,,,,,,,,,,,,,,,,,,,,,,,,,,,,,,,,,,,,,,,,,,,,,,,,,,,,,,,,,,,,,,,,,,,,,,,,
1780,,,38.983,38.877,26.063,26.433,26.749,20.001,,,33.36,28.566,,,,,,,,,,,64.14,66.707,,,,,,,,,,,317.298,328.681,,,,,,,,,49.21,48.699,,,74.48,77.512,,,,,63.457,62.379,,,,,,,,,,,,,,,,,,,,,,,,,,,,,,,,,,,,,,,,,,,,,,,,,,,,,,,,,,,,,,,,,,,,,,,,,,,,,,,,,,,,,,,,,,,,,,,,,,
1781,,,46.206,47.738,26.231,24.254,19.686,9.143,,,31.969,30.988,,,,,,,,,,,56.259,55.063,,,,,,,,401.355,,,254.375,267.598,,,,,,,,,39.121,39.291,,,59.08,66.524,,,,,44.514,45.531,,,,,,,,,,,,,,,,,,,,,,,,,,,,,,,,,,,,,,,,,,,,,,,,,,,,,,,,,,,,,,,,,,,,,,,,,,,,,,,,,,,,,,,,,,,,,,,,,,
1782,,,24.627,25.136,14.526,15.755,8.916,27.259,,,26.996,17.707,,,,,,,,,,,42.424,44.03,,,,,,,,253.615,,,235.593,268.268,,,,,,,,,33.068,34.412,,,49.47,49.559,,,,,34.271,32.462,,,,,,,,,,,,,,,,,,,,,,,,,,,,,,,,,,,,,,,,,,,,,,,,,,,,,,,,,,,,,,,,,,,,,,,,,,,,,,,,,,,,,,,,,,,,,,,,,,
1783,,,41.369,37.224,21.429,22.705,27.288,46.484,,,32.189,26.826,,,,,,,,,,,59.952,56.668,,,,,,,262.516,265.023,,,315.909,346.135,,,,,,,,,36.581,35.886,,,74.758,77.537,,,,,55.528,54.319,,,,,,,,,,,544.326,552.016,548.903,551.944,,,,,,,,,,,,,,,,,,,,,,,,,,,,,,,,,,,,,,,,,,,,,,,,,,,,,,,,,,,,,,,,,,,,,,,,,,,,,,,,,,,,
1784,,,58.461,57.311,46.895,49.521,49.554,47.318,,,41.48,34.66,,,,,,,,,,,65.577,67.727,,,,,,,330.368,336.301,,,351.603,382.031,,,,,,,,,50.836,49.13,,,77.731,81.882,,,,,65.38,63.218,,,,,,,,,,,795.706,798.091,706.69,719.634,,,,,,,,,,,,,,,,,,,,,,,,,,,,,,,,,,,,,,,,,,,,,,,,,,,,,,,,,,,,,,,,,,,,,,,,,,,,,,,,,,,,
1785,,,60.899,58.723,49.261,49.276,49.106,,,,42.065,35.247,,,,,,,,,,,74.435,77.025,,,,,,,325.32,337.592,,,324.14,326.998,,,,,,,,,53.653,53.669,,,73.861,76.008,,,,,56.424,64.104,,,,,,,,,,,674.506,665.034,621.889,619.671,,,,,,,,,,,,,,,,,,,,,,,,,,,,,,,,,,,,,,,,,,,,,,,,,,,,,,,,,,,,,,,,,,,,,,,,,,,,,,,,,,,,
1786,,,39.345,33.849,40.995,37.133,,,,,29.695,27.041,,,,,,,,,,,44.305,45.222,,,,,,,265.029,276.872,,,232.145,241.319,,,,,,,,,32.998,31.856,,,48.203,54.113,,,,,35.443,34.177,,,,,,,,,,,440.292,437.55,394.789,401.883,,,,,,,,,,,,,,,,,,,,,,,,,,,,,,,,,,,,,,,,,,,,,,,,,,,,,,,,,,,,,,,,,,,,,,,,,,,,,,,,,,,,
1787,,,31.113,32.234,18.165,20.47,,,,,29.281,20.266,,,,,,,,,,,29.927,27.436,,,,,,,138.008,144.739,,,133.851,133.687,,,,,,,,,24.361,21.468,,,40.774,42.704,,,,,26.696,22.092,,,,,,,,,,,293.403,295.85,210.768,210.703,,,,,,,,,,,,,,,,,,,,,,,,,,,,,,,,,,,,,,,,,,,,,,,,,,,,,,,,,,,,,,,,,,,,,,,,,,,,,,,,,,,,
1788,,,30.274,32.338,9.558,8.118,,,,,24.626,20.943,,,,,,,,,,,24.322,25.64,,,,,,,160.064,158.668,,,148.111,154.125,,,,,,,,,21.153,23.438,,,40.958,43.489,,,,,21.074,23.336,,,,,,,,,,,251.799,254.169,226.509,226.609,,,,,,,,,,,,,,,,,,,,,,,,,,,,,,,,,,,,,,,,,,,,,,,,,,,,,,,,,,,,,,,,,,,,,,,,,,,,,,,,,,,,
1789,,,,,14.958,15.608,,,,,23.849,,,,,,,,,,,,31.014,30.887,,,,,,,147.12,166.223,,,156.05,145.874,,,,,,,,,23.415,24.392,,,53.767,58.652,,,,,32.361,32.576,,,,,,,,,,,234.897,242.332,188.527,188.708,,,,,,,,,,,,,,,,,,,,,,,,,,,,,,,,,,,,,,,,,,,,,,,,,,,,,,,,,,,,,,,,,,,,,,,,,,,,,,,,,,,,
1790,,,,,22.975,22.402,,,,,,,,,,,,,,,,,44.967,43.998,,,,,,,164.355,166.386,,,179.864,183.134,,,,,,,,,29.392,27.348,,,51.593,54.935,,,,,36.916,36.011,,,,,,,,,,,248.139,242.782,209.049,211.444,,,,,,,,,,,,,,,,,,,,,,,,,,,,,,,,,,,,,,,,,,,,,,,,,,,,,,,,,,,,,,,,,,,,,,,,,,,,,,,,,,,,
1791,,,,,23.684,22.871,,,,,,,,,,,,,,,,,44.636,45.92,,,,,,,175.136,176.744,,,176.709,178.137,,,,,,,,,30.873,31.206,,,45.088,49.294,,,627.361,575.388,35.462,34.938,,,,,,,,,,,180.806,187.048,170.067,176.687,,,,,,,,,,,,,,,,,,,,,,,,,,,,,,,,,,,,,,,,,,,,,,,,,,,,,,,,,,,,,,,,,,,,,,,,,,,,,,,,,,,,
1792,,,,,32.77,35.405,,,,,,,,,,,,,,,,,50.919,50.705,,,,,,,169.475,165.005,,,146.369,160.799,,,,,,,,,29.899,29.937,,,57.322,58.674,,,727.859,672.184,37.056,39.094,,,,,,,,,,,193.297,191.943,174.218,176.774,,,,,,,,,,,,,,,,,,,,,,,,,,,,,,,,,,,,,,,,,,,,,,,,,,,,,,,,,,,,,,,,,,,,,,,,,,,,,,,,,,,,
1793,,,,,33.169,33.716,,,,,,,,,,,,,,,,,64.341,64.526,,,,,,,217.001,209.847,,,161.281,163.489,,,,,,,,,45.144,42.254,,,63.992,69.766,,,693.201,677.068,56.346,58.818,,,,,,,,,,,179.366,183.146,146.391,150.846,,,,,,,,,,,,,,,,,,,,,,,,,,,,,,,,,,,,,,,,,,,,,,,,,,,,,,,,,,,,,,,,,,,,,,,,,,,,,,,,,,,,
1794,,,,,23.42,21.447,,,,,,,,,,,,,,,,,38.407,39.445,,,,,,,165.408,158.529,,,113.695,116.427,,,,,559.905,559.73,,,28.309,28.659,502.639,485.922,35.87,39.637,,,604.352,594.989,27.639,30.767,,,,,,,,,,,134.831,134.216,112.361,114.854,,,,,,,,,,,,,,,,,,,,,,,,,,,,,,,,,,,,,,,,,,,,,,,,,,,,,,,,,,,,,,,,,,,,,,,,,,,,,,,,,,,,
1795,,,,,25.545,26.58,,,,,,,,,,,,,,,,,37.626,34.946,,,,,,,150.905,145.265,,,93.313,91.906,678.538,696.506,493.487,463.105,536.253,522.999,455.434,493.864,30.906,28.379,489.108,488.104,33.912,35.912,,,484.637,482.9,44.193,39.285,628.01,625.582,,,,,,,,,111.347,109.999,92.514,94.129,491.056805,485.735943,,,,,,,,,,,,,,,,,,,,,,,,,,,,,,,,,,,,,,,,,,,,,,,,,,,,,,,,,,,,,,,,,,,,,,,,,,,,,,,,,,
1796,,,,,9.852,9.807,,,,,,,,,,,,,,,,,9.556,11.432,,,,,,,59.349,52.947,,,40.799,45.186,434.778,425.655,241.661,218.075,304.344,308.541,293.354,280.723,13.037,13.076,305.067,300.711,7.795,10.425,,,219.091,218.849,19.343,18.988,341.624,313.857,,,,,,,,,44.488,46.708,51.117,49.045,270.2046132,272.1487976,,,,,,,,,,,,,,,,,,,,,,,,,,,,,,,,,,,,,,,,,,,,,,,,,,,,,,,,,,,,,,,,,,,,,,,,,,,,,,,,,,
1797,,,,,11.243,11.496,,,,,,,,,,,,,,,,,32.654,32.588,,,,,,,100.646,98.014,216.112,265.134,52.132,52.353,471.501,466.719,269.522,252.933,318.865,324.96,334.813,335.623,16.816,17.03,266.258,268.638,38.901,39.624,,,236.823,229.266,27.964,32.967,356.682,353.551,,,,,,,,,60.672,59.557,64.167,65.301,300.7743796,300.1849936,,,,,,,,,,,,,,,,,,,,,,,,,,,,,,,,,,,,,,,,,,,,,,,,,,,,,,,,,,,,,,,,,,,,,,,,,,,,,,,,,,
1798,,,,,,13.11,,,,,,,,,,,,,,,,,32.49,31.832,,,,,,,125.496,118.266,226.385,280.442,52.38,51.268,567.749,568.429,214.345,204.614,222.647,229.5,340.279,343.026,26.916,26.681,339.693,341.191,28.928,35.356,,,268.219,268.304,33.254,30.714,357.626,354.02,,,,,,,,,47.735,50.959,52.573,52.515,335.1044403,335.862569,,,,,,,,,,,,,,,,,,,,,,,,,,,,,,,,,,,,,,,,,,,,,,,,,,,,,,,,,,,,,,,,,,,,,,,,,,,,,,,,,,
1799,,,,,,9.749,,,,,,,,,,,,,,,,,16.02,18.995,,,,,,,112.093,121.59,182.691,195.513,48.035,47.513,433.346,425.152,146.868,140.965,185.042,187.769,260.237,264.995,24.684,26.397,268.894,276.593,26.23,25.102,,,208.296,206.964,33.651,31.896,301.688,296.84,,,,,,,,,48.482,45.5,48.214,45.154,262.9935887,260.5043285,,,,,,,,,,,,,,,,,,,,,,,,,,,,,,,,,,,,,,,,,,,,,,,,,,,,,,,,,,,,,,,,,,,,,,,,,,,,,,,,,,
1800,,,,,,10.501,,,,,,,,,,,,,,,,,22.582,21.826,,,,,514.789,504.621,126.549,148.664,159.984,168.503,51.079,46.799,448.755,446.662,191.612,180.173,199.817,202.49,234.017,236.645,20.286,20.155,229.415,242.415,20.414,18.782,,,190.644,188.131,23.943,25.758,250.224,246.184,,,,,,,,,40.832,45.214,49.23,50.432,220.8297332,222.9936476,,,,,,,,,,,,,,,,,,,,,,,,,,,,,,,,,,,,,,,,,,,,,,,,,,,,,,,,,,,,,,,,,,,,,,,,,,,,,,,,,,
1801,,,,,,10.17,,,,,,,,,,,,,,,,,24.937,24.808,,,,,622.708,571.957,139.333,158.149,133.561,143.013,42.531,34.696,365.233,359.632,165.047,159.288,167.228,166.729,190.208,190.769,24.791,19.51,202.131,201.517,26.401,26.477,,,160.742,157.917,29.74,31.185,246.317,241.423,,,,,,,,,47.558,46.994,52.012,54.793,198.1483906,192.4263091,,,,,,,,,,,,,,,,,,,,,,,,,,,,,,,,,,,,,,,,,,,,,,,,,,,,,,,,,,,,,,,,,,,,,,,,,,,,,,,,,,
1802,,,,,,6.323,,,,,,,,,,,,,,,,,19.927,17.526,,,,,480.899,429.925,108.999,111.959,93.397,98.066,26.068,24.979,294.356,294.693,122.719,109.771,143.137,146.126,135.422,139.069,20.894,20.989,156.312,158.019,22.094,22.816,,,118.166,120.001,27.493,29.524,175.828,171.621,,,,,,,,,47.559,48.946,50.764,53.474,155.0643404,154.1429317,,,,,,,,,,,,,,,,,,,,,,,,,,,,,,,,,,,,,,,,,,,,,,,,,,,,,,,,,,,,,,,,,,,,,,,,,,,,,,,,,,
1803,,,,,,11.482,,,,,,,,,,,,,,,,,17.469,19.254,,,,,380.954,334.616,115.052,122.891,92.861,97.273,26.069,30.515,221.507,215.78,124.324,117.776,138.917,135.962,119.829,121.251,24.311,22.629,132.199,133.628,28.815,23.254,,,108.283,110.47,25.435,27.65,178.699,172.159,,,,,,,,,47.886,48.485,47.522,50.738,128.322244,129.598741,,,,,,,,,,,,,,,,,,,,,,,,,,,,,,,,,,,,,,,,,,,,,,,,,,,,,,,,,,,,,,,,,,,,,,,,,,,,,,,,,,
1804,,,,,,29.186,,,,,,,,,,,,,,,,,32.253,29.256,,,,,477.575,431.734,178.836,187.492,118.274,117.384,71.533,71.408,281.67,283.327,178.494,170.111,192.003,194.845,160.622,158.673,36.297,34.434,175.188,176.693,46.184,46.535,,,164.421,170.627,49.615,53.64,222.736,213.839,,,,,,,,,86.654,87.462,80.763,77.745,179.2971459,176.580265,,,,,,,,,,,,,,,,,,,,,,,,,,,,,,,,,,,,,,,,,,,,,,,,,,,,,,,,,,,,,,,,,,,,,,,,,,,,,,,,,,
1805,,,,,,,,,,,,,,,,,,,,,,,12.485,12.812,,,,,345.347,286.604,92.694,90.507,69.541,74.465,40.212,30.836,157.545,154.386,115.785,102.322,97.492,102.379,88.638,92.265,23.329,23.944,112.925,109.455,18.395,20.173,,,94.443,90.133,24.675,25.315,127.715,123.008,,,,,,,,,47.034,45.461,48.546,44.735,106.7195201,105.5899143,,,,,,,,,,,,,,,,,,,,,,,,,,,,,,,,,,,,,,,,,,,,,,,,,,,,,,,,,,,,,,,,,,,,,,,,,,,,,,,,,,
1806,,,,,,,,,,,,,,,,,,,,,,,18.146,20.316,,,,,263.204,219.983,78.547,92.351,64.146,70.737,35.176,26.472,123.183,123.456,89.333,83.928,94.066,93.097,88.209,89.43,,,95.949,101.784,24.971,28.382,,,68.658,71.856,31.883,31.973,135.286,130.212,,,,,,,,,36.702,38.986,41.153,44.025,98.41227422,96.27810233,,,,,,,,,,,,,,,,,,,,,,,,,,,,,,,,,,,,,,,,,,,,,,,,,,,,,,,,,,,,,,,,,,,,,,,,,,,,,,,,,,
1807,,,,,,,,,,,,,,,,,,,,,,,12.194,12.294,,,,,155.117,131.314,46.257,54.342,41.636,48.314,20.076,18.493,79.32,78.278,44.559,39.013,62.197,62.405,46.817,48.79,,,62.209,61.168,,,,,39.651,39.544,17.317,22.531,72.298,80.81,,,,,,,,,26.323,26.913,26.527,27.743,63.31680088,63.21846873,,,,,,,,,,,,,,,,,,,,,,,,,,,,,,,,,,,,,,,,,,,,,,,,,,,,,,,,,,,,,,,,,,,,,,,,,,,,,,,,,,
1808,,,,,,,,,,,,,,,,,,,,,,,7.481,8.874,,,,,107.478,94.345,43.999,56.856,40.344,36.702,12.852,8.72,71.484,71.37,33.316,25.679,46.956,41.39,38.288,36.828,,,47.869,50.408,,,,,29.698,34.713,14.62,11.384,47.473,52.652,,,,,,,,,21.691,20.93,27.968,26.432,51.89752452,53.07811733,,,,,,,,,,,,,,,,,,,,,,,,,,,,,,,,,,,,,,,,,,,,,,,,,,,,,,,,,,,,,,,,,,,,,,,,,,,,,,,,,,
1809,,,,,,,,,,,,,,,,,,,,,,,6.397,5.08,,,,,71.728,80.451,39.299,44.457,24.116,28.529,8.703,6.905,48.155,49.544,25.852,20.479,39.974,44.081,31.999,33.952,,,44.044,39.949,,,,,18.777,19.873,21.918,23.952,42.198,41.626,,,,,,,,,18.003,22.263,24.7,23.41,45.80214509,43.55568032,,,,,,,,,,,,,,,,,,,,,,,,,,,,,,,,,,,,,,,,,,,,,,,,,,,,,,,,,,,,,,,,,,,,,,,,,,,,,,,,,,
1810,,,,,,,,,,,,,,,,,,,,,,,2.916,3.151,,,,,34.228,38.967,17.986,19.58,14.161,13.391,,2.036,31.356,28.693,12.876,18.613,22.768,18.999,6.688,5.855,,,17.744,19.611,,,,,15.194,12.681,8.409,6.468,24.512,21.738,,,,,,,,,5.019,4.848,8.908,10.26,20.05247509,21.10074439,,,,,,,,,,,,,,,,,,,,,,,,,,,,,,,,,,,,,,,,,,,,,,,,,,,,,,,,,,,,,,,,,,,,,,,,,,,,,,,,,,
1811,,,,,,,,,,,,,,,,,,,,,,,4.773,5.242,,,,,23.536,27.178,13.824,18.965,17.988,6.954,,4.897,24.451,25.287,12.845,8.257,21.938,21.125,13.11,12.869,,,21.63,21.703,,,,,15.531,12.084,11.008,7.519,26.841,27.842,,,,,,,,,9.719,9.107,13.069,10.1,25.47652514,27.66775395,,,,,,,,,,,,,,,,,,,,,,,,,,,,,,,,,,,,,,,,,,,,,,,,,,,,,,,,,,,,,,,,,,,,,,,,,,,,,,,,,,
1812,,,,,,,,,,,,,,,,,,,,,,,10.412,10.825,,,,,37.219,42.118,27.188,26.627,10.001,12.666,,6.676,33.185,32.932,19.668,17.502,26.104,22.406,12.047,12.884,,,22.895,24.734,,,,,16.472,14.955,11.012,9.371,36.615,30.599,,,,,,,,,10.012,7.074,14.158,15.398,27.40128596,25.95665311,,,,,,,,,,,,,,,,,,,,,,,,,,,,,,,,,,,,,,,,,,,,,,,,,,,,,,,,,,,,,,,,,,,,,,,,,,,,,,,,,,
1813,,,,,,,,,,,,,,,,,,,,,,,16.732,12.634,,,,,65.769,91.866,69.034,71.51,22.267,26.974,,14.098,46.242,48.234,30.24,34.102,49.7,43.482,29.944,33.152,,,43.742,45.498,,,,,29.329,30.776,21.393,22.931,57.558,62.143,,,,,,,,,21.358,23.668,24.429,21.813,45.29348865,45.28316985,,,,,,,,,,,,,,,,,,,,,,,,,,,,,,,,,,,,,,,,,,,,,,,,,,,,,,,,,,,,,,,,,,,,,,,,,,,,,,,,,,
1814,,,,,,,,,,,,,,,,,,,,,,,21.455,23.938,,,,,77.265,103.007,103.579,103.97,44.817,50.394,,16.459,63.832,68.128,56.949,56.325,69.958,59.42,59.177,58.675,,,74.801,72.273,,,,,41.066,42.727,29.139,30.185,75.554,75.246,,,,,,,,,41.875,41.206,36.367,37.669,68.93448029,69.9232647,,,,,,,,,,,,,,,,,,,,,,,,,,,,,,,,,,,,,,,,,,,,,,,,,,,,,,,,,,,,,,,,,,,,,,,,,,,,,,,,,,
1815,,,,,,,,,,,,,,,,,,,,,,,29.323,26.27,,,,,57.413,70.613,104.678,97.758,46.248,53.399,,12.572,79.199,79.958,80.758,76.361,71.283,71.493,64.402,61.812,,,78.851,80.401,,,,,52.218,53.033,29.472,31.176,84.866,88.542,,,,,,,,,41.47,42.703,44.718,39.612,75.7916304,73.79767288,,,,,,,,,,,,,,,,,,,,,,,,,,,,,,,,,,,,,,,,,,,,,,,,,,,,,,,,,,,,,,,,,,,,,,,,,,,,,,,,,,
1816,,,,,,,,,,,,,,,,,,,,,,,31.207,32.425,,,,,59.777,70.273,130.54,127.527,58.724,58.822,,29.72,99.688,103.58,95.649,95.775,90.956,78.526,71.325,69.771,,,93.543,90.778,,,,,75.976,74.87,38.836,39.498,107.233,103.404,,,,,,,,,63.647,61.239,44.056,44.395,80.05269031,80.47394039,,,,,,,,,,,,,,,,,,,,,,,,,,,,,,,,,,,,,,,,,,,,,,,,,,,,,,,,,,,,,,,,,,,,,,,,,,,,,,,,,,
1817,,,,,,,,,,,,,,,,,,,,,,,8.656,8.362,,,,,41.241,44.797,54.623,60.706,28.687,37.109,,16.333,45.625,42.295,29.519,25.109,38.107,36.981,33.869,32.673,,,30.959,32.583,,,,,28.49,29.176,16.053,13.16,42.98,37.974,,,,,,,,,4.408,3.416,5.535,6.992,31.49117508,27.18823296,,,,,,,,,,,,,,,,,,,,,,,,,,,,,,,,,,,,,,,,,,,,,,,,,,,,,,,,,,,,,,,,,,,,,,,,,,,,,,,,,,
1818,,,,,,,,,,,,,,,,,,,,,,,7.911,11.441,,,,,53.767,62.4,59.716,57.584,29.734,35.09,,17.901,42.753,47.295,26.808,17.918,29.688,26.666,37.116,39.883,,,34.517,35.377,,,,,28.708,32.889,17.107,14.502,31.52,27.032,,,,,286.502,,,,11.508,8.499,12.045,14.331,27.40614187,28.43316656,,,,,,,,,,,,,,,,,,,,,,,,,,,,,,,,,,,,,,,,,,,,,,,,,,,,,,,,,,,,,,,,,,,,,,,,,,,,,,,,,,
1819,,,,,,,,,,,,,,,,,,,,,,,11.437,13.732,,,,,44.303,52.606,74.028,70.704,33.662,28.456,,21.286,58.216,55.887,55.157,48.053,49.99,43.904,40.77,40.153,,,41.843,40.982,,,389.194,363.988,47.076,44.078,26.693,26.255,58.748,54.178,,,,,290.526,,,,25.886,30.744,23.57,23.63,41.41483156,38.66031733,,,,,,,,,,,,,,,,,,,,,,,,,,,,,,,,,,,,,,,,,,,,,,,,,,,,,,,,,,,,,,,,,,,,,,,,,,,,,,,,,,
1820,,,,,,,,,,,,,,,,,,,,,,,37.351,38.714,,,,,42.911,47.452,97.251,96.727,41.093,47.55,,28.017,78.367,79.782,69.322,71.558,70.005,63.997,60.719,60.808,,,56.419,53.063,,,373.993,351.701,47.075,47.269,23.561,30.218,82.05,80.397,,,,,314.723,409.289,,,50.641,49.784,35.624,33.818,50.46442446,49.51145237,,,,,,,,,,,,,,,,,,,,,,,,,,,,,,,,,,,,,,,,,,,,,,,,,,,,,,,,,,,,,,,,,,,,,,,,,,,,,,,,,,
1821,,,,,,,,,,,,,,,,,,,,,,,17.657,14.96,,,,,32.162,33.505,61.896,62.64,40.291,38.694,,20.813,60.508,61.499,44.164,41.053,42.534,38.532,45.824,48.581,,,32.486,32.692,,,281.591,254.564,31.45,31.932,21.317,19.229,56.577,49.145,,,,,199.943,248.194,,,26.512,26.3,23.899,22.042,31.68480444,30.14851632,,,,,,,235.058,237.054,,,,,,,,,,,,,,,,,,,,,,,,,,,,,,,,,,,,,,,,,,,,,,,,,,,,,,,,,,,,,,,,,,,,,,,,,,
1822,,,,,,,,,,,,,,,,,,,,,,,20.494,19.533,,,,,26.613,30.071,68.124,74.578,41.312,43.748,,20.99,56.168,59.678,20.209,24.921,39.352,35.991,50.436,50.046,,,37,33.864,,,234.445,205.879,34.191,35.477,21.823,29.45,53.645,56.09,,,,,170.704,205.277,,,28.701,28.56,24.149,17.983,34.81383063,30.05321911,,,,,,,227.516,223.808,,,,,,,,,,,,,,,,,,,,,,,,,,,,,,,,,,,,,,,,,,,,,,,,,,,,,,,,,,,,,,,,,,,,,,,,,,
1823,,,,,,,,,,,,,,,,,,,,,,,13.871,14.144,,,,,22.775,24.861,56.294,56.138,24.823,24.695,,18.777,44.74,47.241,15.568,11.315,36.867,28.358,34.055,36.054,,,28.304,29.352,,,173.966,151.519,28.708,29.137,22.922,20.315,44.304,48.615,,,,,137.363,159.554,,,12.537,15.53,12.993,15.075,26.96607514,26.82525379,,,,,,,183.036,174.912,,,,,,,,,,,,,,,,,,,,,,,,,,,,,,,,,,,,,,,,,,,,,,,,,,,,,,,,,,,,,,,,,,,,,,,,,,
1824,,,,,,,,,,,,,,,,,,,,,,,31.901,29.6,,,,,41.707,50.027,79.266,87.995,49.001,41.676,,26.002,55.11,55.763,51.806,51.085,52.126,41.505,47.76,50.858,,,40.812,38.089,,,260.881,243.269,44.042,43.059,33.111,32.581,55.461,51.841,,,,,192.359,217.41,,,42.147,39.33,30.448,30.977,40.58568514,39.8324123,,,,,,,267.434,254.581,,,,,,,,,,,,,,,,,,,,,,,,,,,,,,,,,,,,,,,,,,,,,,,,,,,,,,,,,,,,,,,,,,,,,,,,,,
1825,,,,,,,,,,,,,,,,,,,,,,,62.095,64.872,,,,,79.652,75.617,123.12,132.431,70.885,73.424,,68.499,99.313,97.84,86.553,86.969,89.065,76.196,78.268,79.517,,,79.029,77.13,,,366.408,335.069,89.891,92.837,45.477,43.187,119.807,112.761,,,,,257.597,279.922,,,77.88,82.581,49.137,49.759,68.34084545,62.62119196,,,,,,,370.694,347.346,,,,,,,,,,,,,,,,,,,,,,,,,,,,,,,,,,,,,,,,,,,,,,,,,,,,,,,,,,,,,,,,,,,,,,,,,,
1826,,,,,,,,,,,,,,,,,,,,,,,37.441,37.611,,,,,38.648,30.94,85.54,93.451,42.384,35.203,,,71.537,67.582,65.537,58.807,48.536,42.867,45.048,45.036,,,63.22,64.622,,,209.262,189.774,54.37,51.265,22.811,24.981,57.757,65.019,,,,,122.148,145.217,,,55.064,52.245,36.636,35.723,49.26015909,50.38672992,,,,,,,214.347,198.962,,,,,,,,,,,,,,,,,,,,,,,,,,,,,,,,,,,,,,,,,,,,,,,,,,,,,,,,,,,,,,,,,,,,,,,,,,
1827,,,,,,,,,,,,,,,,,,,,,,,27.729,30.965,,,,,30.275,30.969,72.437,80.262,38.2,31.124,,,54.313,48.381,61.052,54.722,44.623,41.883,46.096,47.584,,,48.574,49.385,,,152.686,140.014,52.034,48.617,25.256,26.766,64.933,61.358,,,,,91.639,108.029,,,47.346,46.169,33.497,33.477,43.29953113,41.86885902,,,452.8,465.8,,,177.106,160.657,,,,,,,,,,,,,,,,,,,,,,,,,,,,,,,,,,,,,,,,,,,,,,,,,,,,,,,,,,,,,,,,,,,,,,,,,,
1828,,,,,,,,,,,,,,,,,,,,,,,17.867,18.806,,,,,24.081,24.266,53.446,77.639,29.715,26.263,,,41.795,43.344,23.433,23.922,37.723,31.704,29.552,32.302,,,36.619,38.537,,,74.303,70.658,27.698,29.32,22.544,22.933,39.886,38.424,,,,,55.215,60.464,,,40.042,42.088,30.692,29.81,34.40654129,35.99927935,,438.234,321,334,,,120.266,116.269,,,,,,,,,,,,,,,,,,,,,,,,,,,,,,,,,,,,,,,,,,,,,,,,,,,,,,,,,,,,,,,,,,,,,,,,,,
1829,,,,,,,,,,,,,,,,,,,,,,,23.296,25.524,,,,,36.306,39.954,93.983,95.511,29.728,33.677,,,49.142,49.813,15.566,16.693,45.955,38.445,33.832,38.129,,,36.343,37.85,,,117.491,115.239,31.381,35.119,21.359,21.08,56.322,44.835,,,,,76.83,91.829,,,31.834,32.906,21.609,21.75,33.44385738,34.07937444,526.359,555.765,437.1,444.9,,,148.65,131.473,,,,,,,,,,,,,,,,,,,,,,,,,,,,,,,,,,,,,,,,,,,,,,,,,,,,,,,,,,,,,,,,,,,,,,,,,,
1830,,,,,,,,,,,,,,,,,,,,,,,37.696,24.478,,,,,25.173,28.841,83.843,86.392,36.615,37.302,,,56.795,56.041,51.668,49.099,41.234,34.745,41.437,40.552,,,41.006,38.8,,,88.591,73.761,33.959,35.616,21.939,19.296,59.83,56.445,,,,,71.115,65.664,,,41.303,41.816,29.332,27.69,31.94398857,36.26756831,342.982,299.024,370.6,370.5,,,112.613,107.013,,,,,,,,,,,,,,,,,,,,,,,,,,,,,,,,,,,,,,,,,,,,,,,,,,,,,,,,,,,,,,,,,,,,,,,,,,
1831,,,,,,,,,,,,,,,,,,,,,,,22.413,30.824,,,,,29.408,32.557,88.3,77.877,31.456,31.644,,,47.14,47.778,31.401,25.315,28.684,21.735,33.451,35.576,,,37.313,37.128,,,79.78,82.054,32.706,30.168,22.308,20.435,46.308,45.041,,,,,62.428,73.363,,,36.385,35.633,27.154,29.912,32.3573478,31.40194776,111.535,102.978,348.4,349.7,,,101.936,95.017,,,,,,,,,,,,,,,,,,,,,,,,,,,,,,,,,,,,,,,,,,,,,,,,,,,,,,,,,,,,,,,,,,,,,,,,,,
1832,,,,,,,,,,,,,,,,,,,,,,,25.072,30.627,,,,,31.127,37.928,78.687,73.364,27.242,24.227,,,54.383,49.031,23.534,33.938,27.511,20.188,32.789,31.499,,,34.87,36.44,,,89.577,84.792,34.107,32.889,22.857,20.057,56.688,48.852,,,,,66.041,65.319,,,32.324,32.092,21.609,23.814,32.78041885,37.46758475,413.473,376.161,347.1,349.7,,,122.852,121.53,,,,,,,,,,,,,,,,,,,,,,,,,,,,,,,,,,,,,,,,,,,,,,,,,,,,,,,,,,,,,,,,,,,,,,,,,,
1833,,,,,,,,,,,,,,,,,,,,,,,35.357,33.968,,,,,32.028,37.785,87.453,92.646,28.5,26.743,,,48.072,50.446,44.913,42.282,47.977,41.065,41.532,42.23,,,43.305,41.249,,,112.946,105.743,38.673,41.047,25.979,28.817,52.936,49.438,,,,,77.289,79.148,,,47.653,48.439,28.195,26.569,36.68639043,35.22354793,552.642,506.423,332.7,345.8,,,110.976,116.549,,,,,,,,,,,,,,,,,,,,,,,,,,,,,,,,,,,,,,,,,,,,,,,,,,,,,,,,,,,,,,,,,,,,,,,,,,
1834,,,,,,,,,,,,,,,,,,,,,,,22.91,25.698,,,,,26.953,27.465,62.204,58.609,41.671,35.749,,,51.508,47.605,29.252,35.679,39.331,31.315,37.675,37.115,,,33.243,37.49,,,57.159,48.594,,,19.671,19.529,43.79,38.838,,,,,43.412,49.95,,,35.639,36.819,24.201,27.053,34.78955109,33.89727786,489.803,456.412,189.2,190.5,,,84.066,78.365,,,,,,,,,,,,,,,,,,,,,,,,,,,,,,,,,,,,,,,,,,,,,,,,,,,,,,,,,,,,,,,,,,,,,,,,,,
1835,,,,,,,,,,,,,,,,,,,,,,,23.932,22.845,,,,,20.962,21.822,59.746,65.84,16.905,17.623,,,,,11.25,9.768,23.176,16.274,22.467,26.811,,,21.844,23.11,,,41.04,41.88,,,15.065,17.893,31.015,28.539,,,,,37.422,39.042,,,25.999,25.262,17.118,16.548,20.28130979,19.88858817,381.722,381.752,139.6,142.2,,,55.364,52.415,,,,,,,,,,,,,,,,,,,,,,,,,,,,,,,,,,,,,,,,,,,,,,,,,,,,,,,,,,,,,,,,,,,,,,,,,,
1836,,,,,,,,,,,,,,,,,,,,,,,24.487,23.422,,,,,26.354,31.938,61.319,70.866,17.429,16.805,,,,,13.839,13.201,25.517,18.512,21.265,20.249,,,24.983,25.252,,,62.509,62.431,,,23.623,21.175,34.56,29.684,,,,,42.015,41.161,,,20.709,22.47,16.294,14.856,23.32657155,20.19208246,315.179,288.27,151.4,157.9,,,72.655,67.146,,,,,,,,,,,,,,,,,,,,,,,,,,,,,,,,,,,,,,,,,,,,,,,,,,,,,,,,,,,,,,,,,,,,,,,,,,
1837,,,,,,,,,,,,,,,,,,,,,,,23.055,18.663,,,,,18.004,22.992,55.835,60.014,,18.201,,,,,16.007,10.232,,,20.119,23.129,,,22.716,20.703,,,58.564,55.31,,,16.506,17.083,27.889,26.155,,,,,36.487,39.433,,,23.342,22.575,17.421,17.195,17.26032757,21.8339866,283.763,287.624,117.4,125.3,,,63.391,59.78,,,,,,,,,,,,,,,,,,,,,,,,,,,,,,,,,,,,,,,,,,,,,,,,,,,,,,,,,,,,,,,,,,,,,,,,,,
1838,,,,,,,,,,,,,,,,,,,,,,,29.513,35.017,,,,,24.073,28.189,61.739,70.486,,18.087,,,,,27.678,21.253,,,,21.395,,,24.842,24.464,,,74.372,74.604,,,18.404,17.083,31.093,25.394,341.399,342.46,,,35.913,33.115,,,17.699,16.015,17.108,16.904,24.14115024,21.15901529,214.088,208.271,121.4,124,,,63.793,60.373,,,,,,,,,,,,,,,,,,,,,,,,,,,,,,,,,,,,,,,,,,,,,,,,,,,,,,,,,,,,,,,,,,,,,,,,,,
1839,,,,,,,,,,,,,,,,,,,,,,,48.671,47.851,613.2,656.3,,,36.22,44.134,78.192,91.01,,25.838,,,,,52.762,53.456,,,,31.217,,,42.962,37.294,,,119.078,112.442,,,30.959,32.709,58.69,52.313,331.767,334.408,,,57.749,69.501,866.4,825.9,39.337,41.713,29.069,31.187,33.72853503,31.27326618,246.758,252.941,154,156.6,,,91.847,82.18,,,,,,,,,,,,,,,,,,,,,,,,,,,,,,,,,,,,,,,,,,,,,,,,,,,,,,,,,,,,,,,,,,,,,,,,,,
1840,,,,,,,,,,,,,,,,,,,,,,,20.095,19.502,678.4,668.1,,,20.092,21.152,51.898,56.536,,18.68,,,,,,,,,,,,,30.586,34.223,,,74.237,70.031,,,15.07,15.531,34.666,27.759,254.421,260.067,,,27.506,34.453,643.3,671.9,,,,19.16,29.27809468,28.80585756,192.329,180.981,96.6,87.4,,,61.073,54.154,,,,,,,,,,,,,,,,,,,,,,,,,,,,,,,,,,,,,,,,,,,,,,,,,,,,,,,,,,,,,,,,,,,,,,,,,,
1841,,,,,,,,,,,,,,,,,,,,,,,19.914,21.743,247.9,250.5,,,16.65,23.59,43.739,45.447,,8.23,,,,,,,,,,,,,23.185,24.393,,,58.463,53.588,,,13.346,13.54,11.075,17.074,182.836,189.146,,,29.496,30.996,468.4,501,,,,12.961,16.77109477,18.70131849,128.547,134.956,86.1,90,,,36.439,32.381,,,,,,,,,,,,,,,,,,,,,,,,,,,,,,,,,,,,,,,,,,,,,,,,,,,,,,,,,,,,,,,,,,,,,,,,,,
1842,,,,,,,,,,,,,,,,,,,,,,,19.828,19.399,331.4,384.9,,,18.077,21.47,54.287,54.878,,17.953,,,,,,,,,,,,,,,,,59.629,57.925,,,19.995,18.167,25.047,21.156,167.645,170.399,,,32.697,38.486,490.6,469.7,,,,,26.55635784,22.98726493,139.091,130.09,84.8,87.4,,,49.187,43.753,,,,,,,,,,,,,,,,,,,,,,,,,,,,,,,,,,,,,,,,,,,,,,,,,,,,,,,,,,,,,,,,,,,,,,,,,,
1843,,,,,,,,,,,,,,,,,,,,,,,12.725,13.968,315.7,365.3,,,9.778,13.403,35.159,31.605,,14.584,,,,,,,,,,,,,,,,,40.763,36.664,,,13.415,10.065,21.457,9.704,127.445,131.562,,,22.4,22.201,362.7,382.3,,,,,19.43213275,19.02423642,70.633,73.84,71.8,69.2,,,39.41,30.341,,,,,,,,,,,,,,,,,,,,,,,,,,,,,,,,,,,,,,,,,,,,,,,,,,,,,,,,,,,,,,,,,,,,,,,,,,
1844,,,,,,,,,,,,,,,,,,,,,,,12.339,10.886,244,266.2,,,9.026,14.927,26.159,24.838,,,,,,,,,,,,,,,,,,,38.914,40.051,,,14.141,11.824,16.95,10.363,139.548,137.35,,,19.61,19.495,287,255.7,,,,,14.75649963,11.94310751,48.119,47.455,53.5,57.4,,,30.303,27.792,,,,,,,,,,,,,,,,,,,,,,,,,,,,,,,,,,,,,,,,,,,,,,,,,,,,,,,,,,,,,,,,,,,,,,,,,,
1845,,,,,,,,,,,,,,,,,,,,,,,23.617,23.082,271.4,277.9,195.805,192.843,15.065,22.395,35.8,35.856,,,,,,,,,,,,,,,,,,,58.924,53.675,,,,19.362,,,167.389,173.071,,,31.323,35.845,294.9,285.7,,,,,16.65940887,22.39484406,76.275,74.152,70.5,70.5,,,45.454,44.212,,,,,,,,,,,,,,,,,,,,,,,,,,,,,,,,,,,,,,,,,,,,,,,,,,,,,,,,,,,,,,,,,,,,,,,,,,
1846,,,,,,,,,,,,,,,,,,,,,,,,,275.3,279.2,186.053,195.23,14.369,20.983,54.178,56.188,,,,,,,,,,,,,,,,,,,60.505,60.01,,,,14.627,,,117.769,122.11,,,33.597,38.845,241.4,225.7,,,,,32.85872038,23.99365201,93.77,97.282,66.5,67.8,,,47.806,46.228,,,,,,,,,,,,,,,,,,,,,,,,,,,,,,,,,,,,,,,,,,,,,,,,,,,,,358,363,,,,,,,,,,,,,,,,,,,,
1847,,,,,,,,,,,,,,,,,,,,,,,,,160.5,172.2,93.245,107.553,8.666,10.711,27.573,27.516,,,,,,,,,,,,,,,,,,,33.483,36.251,,,,,,,69.611,74.094,,,7.659,10.488,127.9,125.2,,,,,14.24723621,16.93619566,42.96,43.268,53.5,52.2,,,32.314,25.753,,,,,,,,,,,,,,,,,,,,,,,,,,,,,,,,,,,,,,,,,,,,,,,,,,,,,233,253,,,,,,,,,,,,,,,,,,,,
1848,,,,,,,,,,,,,,,,,,,,,,,,,159.2,164.4,77.604,87.551,6.528,10.317,15.826,16.88,,,,,,,,,,,,,,,,,,,32.747,44.707,,,,,,,39.295,39.757,,,15.452,14.854,87.4,82.2,,,,,8.304210912,6.735145405,19.01,19.401,39.1,37.8,,,26.84,29.915,,,,,,,,,,,,,,,,,,,,,,,,,,,,,,,,,,,,,,,,,,,,,,,,,,,,,175,173,,,,,,,,,,,,,,,,,,,,
1849,,,,,,,,,,,,,,,,,,,,,,,,,57.4,54.8,39.719,29.85,5.178,6.864,,6.997,,,,,,,,,,,,,,,,,,,27.33,20.24,,,,,,,21.952,20.687,,215.1,10.25,11.717,47,40.4,,,,,4.590047724,4.259238942,8.529,8.561,22.2,23.5,,,11.993,11.736,,,,,,,,,,,,,,,,,,,,,,,,,,,,,,,,,,,,,,,,,,,,,,,,,,,,,96,97,,,,,,,,,,,,,,,,,,,,
1850,,,,,,,,,,,,,,,,,,,,,,,,,103.1,105.7,65.336,74.591,10.29,19.395,,11,,,,,,,,,,,,,,,,,,,47.836,38.163,,,,,,,37.825,37.236,335.744,334.236,17.11,17.083,78.3,79.6,,,,,6.691442226,8.33091841,19.092,18.859,31.3,30,,,27.633,30.298,,,,,,,,,,,,,,,,,,,,,,,,,,,,,,,,,,,,,,,,,,,,,,,,,,,,,137,141,,,,,,,,,,,,,,,,,,,,
1851,,,,,,,,,,,,,,,,,,,,,,,,,199.6,198.3,155.263,163.733,20.93,33.006,,32.492,,,,,,,,,,,,,,,,,,,63.906,65.532,,,,,,,89.146,91.206,640.777,608.512,37.316,40.793,154,146.1,,,,,19.7750813,,40.475,37.444,74.4,69.2,,,63.306,57.409,,,,,,,,,,,,,,,,,,,,,,,,,,,,,,,,,,,,,,,,,,,,,,,,,,,,,261,274,,,,,,,,,,,,,,,,,,,,
1852,,,,,,,,,,,,,,,,,,,,,,,,,167,165.7,118.95,128.569,15.565,21.042,,23.149,,,,,,,,,,,,,,,,,,,52.304,56.872,,,,,,,78.991,79.656,465.962,465.393,33.073,37.993,112.2,118.7,,,,,16.99932248,,44.695,47.009,63.9,67.8,,,57.212,64.375,,,,,,,,,,,,,,,,,,,,,,,,,,,,,,,,,,,,,,,,,,,,,,,,,,,,,225,227,,,,,,,,,,,,,,,,,,,,
1853,,,,,,,,,,,,,,,,,,,,,,,,,123.9,126.6,105.859,92.072,10.097,17.629,,22.468,,,,,,,,,,,,,,,,,,,51.141,41.091,,,,,,,66.633,63.801,297.215,313.813,24.681,32.106,83.5,78.3,,,,,10.40681939,,38.167,37.236,50.9,53.5,365.3,356.2,43.565,38.283,,,,,,,,,,,,,,,,,,,,,,,,,,,,,,,,,,,,,,,,,,,,,,,,,,,,,201,202,,,,,,,,,,,,,,,,,,,,
1854,,,,,,,,,,,,,,,,,,,,,,,,,75.7,70.5,48.129,52.947,7.599,9.911,,9.518,,,,,,,,,,,,,,,,,,,23.354,23.562,,,,,,,41.243,42,179.912,202.278,12.442,19.443,44.4,41.7,,,,,7.283256102,,12.511,15.286,30,32.6,208.7,227,22.365,22.823,,,,,,,,,,,,,,,,,,,,,,,,,,,,,,,,,,,,,,,,,,,,,,,,,,,,,97,96,,,,,,,,,,,,,,,,,,,,
1855,,,,,,,,,,,,,,,,,,,,,,,,,78.3,77,68.534,74.776,8.581,16.496,,16.93,,,,,,,,,,,,,,,,,,,47.044,44.009,,,,,,,47.648,48.368,201.014,224.454,23.118,24.607,73.1,67.8,,,,,,,24.292,19.275,44.4,44.4,289.6,293.6,30.836,28.804,,,,,,,,,,,,,,,,,,,,,,,,,,,,,,,,,,,,,,,,,,,,,,,,,,,,,152,158,,,,,,,,,,,,,,,,,,,,
1856,,,,,,,,,,,,,,,,,,,,,,,,,80.9,82.2,61.228,71.079,10.254,18.387,,17.939,,,,,,,,,,,,,,,,,,,50.896,57.195,,,,,,,44.173,41.37,194.746,210.438,25.203,31.029,66.5,67.8,,,,,,,24.469,24.947,41.8,41.8,259.6,254.4,40.7,37.493,,,,,,,,,,,,,,,,,,,,,,,,,,,,,,,,,,,,,,,,,,,,,,,,,,,,,158,176,,,,,,,,,,,,,,,,,,,,
1857,,,,,,,,,,,,,,,,,,,,,,,,,74.4,63.9,57.352,56.169,9.75,14.198,,11.552,,,,,,,,,,,,,,,,,,,41.257,33.08,,,,,,,31.423,31.662,141.479,155.922,23.657,23.417,52.2,52.2,,,,,,,23.898,25.315,35.2,39.1,181.3,182.7,31.644,32.543,,,,,,,,,,,,,,,,,,,,,,,,,,,,,,,,,,,,,,,,,,,,,,,,,,,,,107,103,,,,,,,,,,,,,,,,,,,,
1858,,,,,,,,,,,,,,,,,,,,,,,,,90,75.7,61.201,61.959,9.548,15.696,,24.341,,,,,,,,,,,,,,,,,,,36.969,38.106,,,,,,,34.752,36.289,164.675,171.716,22.089,27.144,45.7,44.4,,,,,,,23.23,24.369,45.7,45.7,180,177.5,39.294,45.076,,,,,,,,,,,,,,,,,,,,,,,,,,,,,,,,,,,,,,,,,,,,,,,,,,,,,108,114,,,,,,,,,,,,,,,,,,,,
1859,,,,,,,,,,,,,,,,,,,,,,,,,41.8,39.1,36.988,39.809,7.444,10.187,,10.181,,,,,,,,,,,,,,,,,,,23.812,19.246,,,,,,,19.854,21.06,106.259,105.998,14.477,17.585,31.3,31.3,,,,,,,12.459,11.818,30,33.9,103.1,96.6,21.092,20.9,,,,,,,,,,,,,,,,,,,,,,,,,,,,,,,,,,,,,,,,,,,,,,,,,,,,,58,64,,,,,,,,,,,,,,,,,,,,
1860,,,,,,,,,,,,,,,,,,,,,,,,,47,47,37.312,31.192,5.181,8.417,,8.992,,,,,,,,,,,,,,,,,,,20.997,22.142,,,,,,,28.828,29.486,101.144,103.85,12.428,13.305,32.6,39.1,,,,,,,10.942,9.771,30,30,86.1,83.5,23.584,23.285,,,,,,,,,,,,,,,,,,,,,,,,,,,,,,,,,,,,,,,,,,,,,,,,,,,,,61,54,,,,,,,,,,,,,,,,,,,,
1861,,,,,,,,,,,,,,,,,,,,,,,,,82.2,82.2,76.031,63.507,11.375,22.005,,27.638,,,,,,,,,,,,,,,,,,,55.396,57.859,,,,,,,60.324,61.198,134.965,151.742,25.125,25.109,75.7,69.1,,,,,,,32.955,32.196,40.5,41.8,142.2,143.5,38.113,41.943,,,,,,,,,,,,,,,,,,,,,,,,,,,,,,,,,,,,,,,,,,,,,,,,,,,,,131,128,,,,,,,,,,,,,,,,,,,,
1862,,,,,,,,,,,,,,,,,,,,,,,,,66.5,57.4,47.469,42.546,8.914,16.323,,25.258,,,,,,,,,,,,,,,,,,,42.613,35.974,,,,,,,40.801,47.197,110.661,109.78,23.308,24.757,39.1,44.4,,,,,,,27.174,29.295,35.2,36.5,92.6,88.7,30.131,32.401,,,,,,,,,,,,,,,,,,,,,,,,,,,,,,,,,,,,,,,,,,,,,,,,,,,,,96,104,,,,,,,,,,,,,,,,,,,,
1863,,,,,,,,,,,,,,,,,,,,,,,,,44.4,45.7,48.611,37.781,8.012,10.071,,19.972,,,,,,,,,,,,,,,,,,,23.376,24.076,,,,,,,27.339,27.574,76.542,90.348,8.105,7.308,33.9,33.9,,,,,,,19.259,21.234,27.4,28.7,77,73.1,22.023,27.914,,,,,,,,,,,,,,,,,,,,,,,,,,,,,,,,,,,,,,,,,,,,,,,,,,,,,93,96,,,,,,,,,,,,,,,,,,,,
1864,,,,,,,,,,,,,,,,,,,,,,,,,77,67.9,74.527,67.122,12.237,21.513,,15.74,,,,,,,,,,,,,,,,,,,44.618,47.484,,,,,,,41.123,40.093,118.131,125.599,18.513,22.249,53.5,54.8,,,,,,,34.565,31.517,44.4,44.4,103.1,104.4,42.814,37.172,,,,,,,,,,,,,,,,,,,,,,,,,,,,,,,,,,,,,,,,,,,,,,,,,,,,,144,134,,,,,,,,,,,,,,,,,,,,
1865,,,,,,,,,,,,,,,,,,,,,,,,,63.9,60,50.788,46.471,7.346,11.625,,30.017,,,,,,,,,,,,,,,,,,,31.33,27.596,,,,,,,38.908,34.23,84.561,80.861,19.624,22.745,41.8,43.1,,,,,,,34.931,33.422,36.5,33.9,107,103.1,31.073,32.258,,,,,,,,,,,,,,,,,,,,,,,,,,,,,,,,,,,,,,,,,,,,,,,,,,,,,146,146,,,,,,,,,,,,,,,,,,,,
1866,,,,,,,,,,,,,,,,,,,,,,,,,50.9,56.1,44.314,41.202,9.686,13.946,,18.119,,,,,,,,,,,,,,,,,,,39.514,36.85,,,,,,,28.4,28.467,86.876,85.65,22.494,17.698,44.4,49.6,,,,,,,19.763,16.964,35.2,33.9,80.9,74.4,29.603,28.199,,,,,,,,,,,,,,,,,,,,,,,,,,,,,,,,,,,,,,,,,,,,,,,,,,,,,86,78,,,,,,,,,,,,,,,,,,,,
1867,,,,,,,,,,,,,,,,,,,,,,,,,77,79.6,67.55,52.906,12.989,21.128,,37.956,,,,,,,,,,,,,,,,,,,44.692,50.936,,,,,,,49.756,51.246,101.847,111.749,30.117,29.108,61.3,58.7,,,,,,,32.726,36.697,45.7,43.1,92.6,105.7,40.258,41.96,,,,,,,,,,,,,,,,,,,,,,,,,,,,,,,,,,,,,,,,,,,,,,,,,,,,,195,184,,,,,,,,,,,,,,,,,,,,
1868,,,,,,,,,,,,,,,,,,,,,,,,,57.4,44.4,57.081,48.039,6.345,15.112,,35.576,,,,,,,,,,,,,,,,,,,42.414,40.899,,,,,,,29.436,30.1,68.953,67.612,21.146,21.674,54.8,56.1,,,,,,,19.401,17.247,39.1,40.4,86.1,69.2,29.285,31.008,,,,,,,,,,,,,,,,,,,,,,,,,,,,,,,,,,,,,,,,,,,,,,,,,,,,,126,125,,,,,,,,,,,,,,,,,,,,
1869,,,,,,,,,,,,,,,,,,,,,,,,,65.2,70.5,69.87,55.252,6.128,13.564,,52.4,,,,,,,,,,,,,,,,,,,46.244,43.93,,,,,,,50.991,55.518,88.207,88.272,32.469,26.689,69.2,71.8,,,,,,,34.235,34.898,47,47,95.2,93.9,39.518,38.727,,,,,,,,,,,,,,,,,,,,,,,,,,,,,,,,,,,,,,,,,,,,,,,,,,,,,137,128,,,,,,,,,,,,,,,,,,,,
1870,,,,,,,,,,,,,,,,,,,,,,,,,67.8,54.8,49.771,39.155,,7.023,,45.539,,,,,,,,,,,,,,,,,,,25.897,26.336,,,,,,,37.634,41.232,58.53,57.286,22.942,20.515,49.6,44.4,,,,,,,55.362,53.427,28.7,33.9,67.8,62.6,27.819,31.974,,,,,,,,,,,,,,,,,,,,,,,,,,,,,,,,,,,,,,,,,,,,,,,,,,,,,186,185,,,,,,,,,,,,,,,,,,,,
1871,,,,,,,,,,,,,,,,,,,,,,,,,58.7,54.8,41.457,32.113,,9.069,,40.399,,,,,,,,,,,,,,,,,,,26.822,26.544,,,,,,,19.133,18.272,61.416,59.337,15.318,21.078,32.6,31.3,,,,,,,41.846,42.076,27.4,28.7,44.4,44.4,22.753,26.001,,,,,,,,,,,,,,,,,,,,,,,,,,,,,,,,,,,,,,,,,,,,,,,,,,,,,139,177,,,,,,,,,,,,,,,,,,,,
1872,,,,,,,,,,,,,,,,,,,,,,,,,69.1,65.2,49.262,36.142,,14.143,,43.452,,,,,,,,,,,,,,,,,,,26.441,26.619,,,,,,,21.56,23.795,77.273,79.69,23.841,23.427,48.3,53.5,,,,,,,52.238,52.929,40.5,37.8,74.4,71.8,31.702,32.938,,,,,,,,,,,,,,,,,,,,,,,,,,,,,,,,,,,,,,,,,,,,,,,,,,,,,171,147,,,,,,,,,,,,,,,,,,,,
1873,,,,,,,,,,,,,,,,,,,,,,,,,78.3,77,58.622,48.958,,20.346,,34.039,,,,,,,,,,,,,,,,,,,51.849,48.557,,,,,,,27.261,24.824,89.758,85.856,29.85,30.162,61.3,58.7,,,,,,,42.361,41.811,39.1,41.8,73.1,75.7,41.563,35.832,,,,,,,,,,,,,,,,,,,,,,,,,,,,,,,,,,,,,,,,,,,,,,,,,,,,,181,200,,,,,,,,,,,,,,,,,,,,
1874,,,,,,,,,,,,,,,,,,,,,,,,,,,59.111,53.578,,19.078,,56.883,,,,,,,,,,,,,,,,,,,52.175,52.65,,,,,,,43.956,40.043,78.483,83.255,35.042,31.687,62.6,62.6,,,,,,,65.709,66.444,45.7,49.6,77,78.3,32.732,43.137,,,,,,,,,,,,,,,,,,,,,,,,,,,,,,,,,,,,,,,,,,,,,,,,,,,,,228,216,,,,,,,,,,,,,,,,,,,,
1875,,,,,,,,,,,,,,,,,,,,,,,,,,,25.697,15.903,,4.764,,15.01,,,,,,,,,,,,,,,,,,,17.301,,,,,,,,20.749,17.888,28.692,25.929,6.872,10.428,23.5,24.8,,,,,,,18.404,16.045,18.3,14.4,27.4,20.9,12.734,20.029,,,,,,,,,,,,,,,,,,,,,,,,,,,,,,,,,,,,,,,,,,,,,,,,,,,,,111,105,,,,,,,,,,,,,,,,,,,,
1876,,,,,,,,,,,,,,,,,,,,,,,,,,,36.609,24.148,,10.258,,29.612,,,,,,,,,,,,,,,,,,,,,,,,,,,11.207,11.859,30.192,33.459,18.34,,27.4,28.7,,,,,,,26.492,24.633,18.3,18.3,20.9,23.5,21.585,29.63,,,,,,,,,,,,,,,,,,,,,,,,,,,,,,,,,,,,,,,,,,,,,,,,,,,,,118,140,,,,,,,,,,,,,,,,,,,,
1877,,,,,,,,,,,,,,,,,,,,,,,,,,,48.521,33.99,,16.481,,43.706,,,,,,,,,,,,,,,,,,,,,,,,,,,21.23,21.242,41.644,41.893,,,44.4,41.7,,,,,,,16.542,12.585,26.1,24.8,43.1,39.1,26.501,25.267,,,,,,,,,,,,,,,,,,,,,,,,,,,,,,,,,,,,,,,,,,,,,,,,,,,,,157,152,,,,,,,,,,,,,,,,,,,,
1878,,,,,,,,,,,,,,,,,,,,,,,,,,,50.991,37.982,,19.909,,40.711,,,,,,,,,,,,,,,,,,,,,,,,,,,34.975,38.689,63.11,59.886,,,35.2,37.8,,,,,,,48.338,52.129,30,35.2,70.5,66.5,39.33,39.095,,,,,,,,,,,,,,,,,,,,,,,,,,,,,,,,,,,,,,,,,,,,,,,,,,,,,169,162,,,,,,,,,,,,,,,,,,,,
1879,,,,,,,,,,,,,,,,,,,,,,,,,,,23.201,15.693,,9.032,,40.857,,,,,,,,,,,,,,,,,,,,,,,,,,,20.236,23.605,14.881,15.558,,,18.3,15.7,,,,,,,21.211,21.06,17,19.6,20.9,24.8,11.104,14.958,,,,,,,,,,,,,,,,,,,,,,,,,,,,,,,,,,,,,,,,,,,,,,,,,,,,,108,108,,,,,,,,,,,,,,,,,,,,
1880,,,,,,,,,,,,,,,,,,,,,,,,,,,9.51,6.474,,3.725,,16.23,,,,,,,,,,,,,,,,,,,,,,,,,,,11.879,9.528,15.424,15.433,,,10.4,9.1,,,,,,,9.272,6.763,14.4,14.4,19.6,14.4,5.05,6.88,,,,,,,,,,,,,,,,,,,,,,,,,,,,,,,,,,,,,,,,,,,,,,,,,,,,,64,66,,,,,,,,,,,,,,,,,,,,
1881,,,,,,,,,,,,,,,,,,,,,,,,,,,37.414,19.409,,20.529,,31.953,,,,,,,,,,,,,,,,,,,,,,,,,,,12.965,18.779,53.868,54.284,,,35.2,32.6,,,,,,,29.999,29.279,24.8,26.1,45.7,50.9,23.573,25.529,,,,,,,,,,,,,,,,,,,,,,,,,,,,,,,,,,,,,,,,,,,,,,,,,,,,,113,111,,,,,,,,,,,,,,,,,,,,
1882,,,,,,,,,,,,,,,,,,,,,,,,,,,31.174,20.346,,13.739,,43.198,,,,,,,,,,,,,,,,,,,,,,,,,,,22.15,24.585,44.42,44.916,,,36.5,37.8,,,,,,,31.784,32.289,26.1,24.8,36.5,31.3,19.784,25.861,,,,,,,,,,,,,,,,,,,,,,,,,,,,,,,,,,,,,,,,,,,,,,,,,,,,,118,112,,,,,,,,,,,,,,,,,,,,
1883,,,,,,,,,,,,,,,,,,,,,,,,,,,19.834,17.38,,10.205,,34.547,,,,,,,,,,,,,,,,,,,,,,,,,,,19.135,13.827,31.405,37.789,,,35.2,31.3,,,,,,,24.577,24.022,18.3,20.9,27.4,24.8,21.325,24.923,,,,,,,,,,,,,,,,,,,,,,,,,,,,,,,,,,,,,,,,,,,,,,,,,,,,,78,90,,,,,,,,,333,351,,,,,,,,,,
1884,,,,,,,,,,,,,,,,,,,,,,,,,,,20.937,,,12.925,,46.504,,,,,,,,,,,,,,,,,,,,,,,,,,,21.912,21.393,37.193,32.199,,,36.5,35.2,,,,,,,33.569,31.167,19.6,19.6,26.1,27.4,20.963,27.046,,,,,,,,,,,,,,,,,,,,,,,,,,,,,,,,,,,,,,,,,,,,,,,,,,,,,75,68,,,,,,,,,346,350,,,,,,,,,,
1885,,,,,,,,,,,,,,,,,,,,,,,,,,,,,,12.409,,62.58,,,,,,,,,,,,,,,,,,,,,,,,,,,30.491,34.323,53.311,49.781,,,41.8,45.7,,,,,,,38.634,42.172,31.3,26.1,50.9,49.6,29.379,34.176,,,,,,,,,,,,,,,,,,,,,,,,,,,,,,,,,,,,,,,,,,,,,,,,,,,,,122,118,,,,,,,,,322,334,,,,,,,,,,
1886,,,,,,,,,,,,,,,,,,,,,,,,,,,,,,21.422,,54.944,,,,,,,,,,,,,,,,,,,,,,,,,,,32.209,33.514,69.205,69.537,,,44.4,43.1,,,,,,,57.223,55.093,28.7,27.4,40.4,37.8,33.291,31.422,,,,,,,,,,,,,,,,,,,,,,,,,,,,,,,,,,,,,,,,,,,,,,261,,,,,,,117,118,,,,,,,,,336,368,,,,,,,,,,
1887,,,,,,,,,,,,,,,,,,,,,,,,,,,,,,6.802,,32.231,,,,,,,,,,,,,,,,,,,,,,,,,,,8.516,7.373,22.259,24.023,,,22.2,23.5,,,,,,,23.883,23.615,20.9,19.6,22.2,22.2,16.547,21.227,,,,,,,,,,,,,,,,,,,,,,,,,,,,,,,,,,,,,,,,,,,,,,182,,,,,,,90,88,,415,,,,,,,234,234,,,,,,,,,,
1888,,,,,,,,,,,,,,,,,,,,,,,,,,,,,,13.964,,17.781,,,,,,,,,,,,,,,,,,,,,,,,,,,17.946,15.784,27.439,26.483,,,31.3,31.3,,,,,,,28.156,23.668,22.2,20.9,28.7,28.7,17.843,20.147,,,,,,,,,,,,,,,,,,,,,,,,,,,,,,,,,,,,,,,,,,,,,158,156,,,,,,,115,98,413,387,,,,,,,214,217,204,200,,,,,,,,
1889,,,,,,,,,,,,,,,,,,,,,,,,,,,,,,14.316,,34.87,,,,,,,,,,,,,,,,,,,,,,,,,,,23.281,24.238,55.774,54.902,,,31.3,28.7,,,,,,,33.959,38.454,27.4,26.1,37.8,35.2,22.48,27.454,,,,,,,,,,,,,,,,,,,,,,,,,,,,,,,,,,,,,,,,,,,,,169,184,,,,,,,87,75,442,421,,,,,,,268,274,176,185,,,,,,,,
1890,,,,,,,,,,,,,,,,,,,,,252.899,268.594,,,,,,,,14.413,,37.509,,,,,,,,,,,,,,,,,,,,,,,,,,,,,39.911,42.594,,,28.7,27.4,,,,,,,38.111,40.671,27.4,26.1,36.5,39.1,15.382,17.106,,,,,,,,,,,,,,,,,,,,,,,,,,,,,,,,,,,,,,,,,,,,,158,156,,,,,,,112,138,340,340,,,,,,,256,266,159,159,,,,,,,,
1891,,,,,,,,,,,,,,,,,,,,,264.599,277.524,,,,,,,,12.549,,14.803,,,,,,,,,,,,,,,,,,,,,,,,,,,,,33.281,34.321,,,22.2,,,,,,,,43.616,38.804,24.8,24.8,35.2,36.5,20.372,21.791,,,463.795,361.778,,,,,,,,,,,,,,,,,,,,,,,,,,,,,,,,,,,,,,,,,132,136,,,,,,,97,87,210,206,,,,,,,214,225,163,169,,,,,,,,
1892,,,,,,,,,,,,,,,,,,,,,443.88,449.042,,,,,,,,25.763,,35.999,,,,,,,,,,,,,,,,,,,,,,,,,,,,,60.868,60.134,,,36.5,,,,,,,,66.391,66.679,36.5,40.4,50.9,47,37.74,38.323,,,607.028,515.334,,,,,,,,,,,,,,,,,,,,,,,,,,,,,,,,,,,,,,,,,166,166,,,,,,,104,100,247,249,,,,,,,270,280,202,204,,,,,,,,
1893,,,,,,,,,,,,,,,,,,,406.293,404.092,290.179,287.65,,,,,,,,13.706,,11.082,,,,,,,,,,,,,,,,,,,,,,,,,,,,,47.626,46.787,,,,,,,,,,,33.443,34.788,26.1,24.8,30,31.3,19.15,20.239,,,438.915,405.668,,,,,,,,,,,,,,,,,,,,,,,,,,,,,,,,,,,,,,,,,106,118,,,,,,,73,72,94,92,,,,,,,199,189,142,149,,,,,,,,
1894,,,,,,,,,,,,,,,,,373.026,383.877,476.501,473.6,230.413,233.437,,,,,,,,9.631,,12.968,,,,,,,,,,,,,,,,,,,,,,,,,,,,,46.41,46.407,,,,,,,,,,,34.358,36.129,23.5,28.7,26.1,24.8,19.493,17.886,,,380.008,362.705,,,,,389.999,399.56,,,,,,,,,,,,,,,,,,,,,,,,,,,,,,,,,,,102,107,,,,,,,73,71,106,106,,,,,,,182,174,152,153,,,,,,,,
1895,,,,,,,,,,,,,,,,,285.572,294.36,434.833,428.43,178.874,184.05,,,,,,,,8.648,,13.109,,,,,,,,,,,,,,,,,,,,,,,,,,,,,27.344,26.102,,,,,,,,,,,26.728,25.949,18.3,22.2,19.6,17,,18.132,,,310.831,305.347,,,,,348.985,349.075,,,,,,,,,,,,,,,,,,,,,,,,,,,,,,,,,,,87,75,,,,,,,52,52,63,64,,,,,,470,194,173,112,128,,,,,,,,
1896,,,,,,,,,,,,,,,,,276.42,281.229,454.217,451.053,145.124,143.681,,,,,,,,9.751,,11.496,,,,,,,,,,,,,,,,,,,,,,,,,,,,,14.969,14.539,,,,,,,,,,,20.043,21.559,15.7,11.7,19.6,18.3,,14.069,270.401,273.972,265.806,272.091,,,,,341.153,340.626,,,,,,,,,,,,,,,,,,,,,,,,,,,,,,,,,,,75,84,,,,,,,64,57,86,86,,,,,351,320,133,128,93,98,,,227,,,,,
1897,,,,,,,,,,,,,,,,,379.214,383.833,458.807,458.358,128.822,130.878,,,,,,,,9.051,,13.154,,,,,,,,,,,,,,,,,,,,,,,,,,,,,33.952,31.351,,,,,,,,,,,30.702,30.622,13,17,20.9,24.8,,17.803,249.73,251.166,238.978,226.671,,,,,402.503,397.42,,,,,,,,,,,,,,,,,,,,,,,,,,,,,,,,,,,87,90,,,,,,,59,66,64,64,,,,,320,308,129,131,117,109,,,210,221,,,,
1898,,,,,,,,,,,,,,,,,337.245,337.653,392.445,389.579,123.505,126.649,,,,,,,,9.486,,17.935,,,,,,,,,,,,,,,,,,,,,,,,,,,,,32.14,38.844,,,,,,,,,,,21.978,23.917,26.1,27.4,20.9,20.9,,20.804,233.001,246.954,223.108,233.626,,,,,402.139,404.041,,,,,,,,,,,,,,,,,,,,,,,,,,,,,,,,,,,88,84,,,,,,,60,66,82,82,,360,,,248,239,129,124,99,96,,,222,235,,,,
1899,,,,,,,,,,,,,,,,,278.419,280.048,371.973,373.188,95.248,95.588,,,,,,,,5.763,,17.845,,,,,,,,,,,,,,,,,,,,,,,,,,,,,23.717,20.499,,,,,,,,,,,26.618,21.742,11.7,14.4,18.3,17,,11.353,168.793,175.4,173.276,192.467,,,341.296,377.491,353.01,349.788,,,,,,,,,,,,,,,,,,,,,,,,,,,,,,,,,,,68,78,,,,,,,61,65,61,60,322,286,,,199,191,87,87,82,87,,,208,209,,,,
1900,,,,,,,,,,,,,,,,,286.505,291.306,348.607,347.332,87.005,85.584,,,,,,,,,,23.177,,,,,,,,,,,,,,,,,,,,,,,,,,,,,18.829,20.852,,,,,,,,,,,22.592,25.618,20.9,20.9,18.3,15.7,,12.007,136.211,141.802,164.27,167.729,,,362.951,424.384,280.545,287.952,,,,,,,,,,,,,,,,,,,,,,,,,,,,,,,,,,,68,64,,,,,,,60,61,68,68,286,256,,,237,232,97,104,89,83,,,292,278,,,,
1901,,,,,,,,,,,,,,,,,231.129,238.478,279.242,277.895,93.527,93.162,,,,,,,,,,20.098,,,,,,,,,,,,,,,,,,,,,,,,,,,,,40.262,37.517,,,,,,,,,,,15.752,20.294,22.2,23.5,19.6,22.2,,16.205,133.471,141.037,152.004,164.946,,,356.114,375.835,232.046,235.378,,,,,,,,,,,,,,,,,,,,,133,,,,,,,,,,,,,,95,92,,,,,,,58,52,72,72,208,190,,,208,210,109,111,71,81,,,288,283,,,332,318
1902,,,,,,,,,,,,,,,,,240.282,238.916,264.11,266.174,98.727,98.503,,,,,,,,,,32.34,,,,,,,,,,,,,,,,,,,,,,,,,,,,,58.374,57.987,,,,,,,,,,,,28.862,37.8,43.1,31.3,33.9,,33.978,150.828,167.32,182.93,194.928,,,344.118,365.309,228.749,227.576,,,,,,,,,,,,,,,,,,,,,130,,,,,,,,,,,,,,87,93,,,,,,,65,60,89,88,228,204,,323,227,235,150,145,80,68,,,285,274,,,384,358
1903,,,,,,,,,,,,,,,,,173.651,174.431,222.933,221.128,73.551,73.395,,,,,,,,,,25.366,,,,,,,,,,,,,,,,,,,,,,,,,,,,,25.345,26.466,,,,,,,,,,,,17.695,26.1,26.1,20.9,19.6,,14.569,93.416,99.105,142.325,158.402,,,247.343,267.74,172.059,173.014,,,,,,,,,,,,,,,,,,,,,94,,,,,,,,,,,296,,,98,108,,,,,,,76,76,63,64,146,137,273,244,147,167,102,112,62,72,,,235,217,,,241,248
1904,,,,,,,,,,,,,,,,,102.597,102.344,121.604,120.734,52.456,55.982,,,,,,,,,,15.377,,,,,,,,,,,,,,,,,,,,,,,,,,,,,23.779,21.656,,,,,,,,,,,,17.03,23.5,22.2,18.3,18.3,,15.108,68.008,84.98,85.018,83.678,,,168.71,183.135,88.308,86.207,,,,,,,,,,,,,,,,,,,,,65,,,,,,,,,240,204,204,243,248,63,73,,,,,,,55,48,62,58,88,81,182,159,109,107,75,73,58,64,,,115,105,,,149,150
1905,,,,,,,,,,,,,,,,,150.93,151.764,169.556,170.343,94.45,92.53,,,,,,,,,,43.42,,,,,,,,,,,,,,,,,,,,,,,,,,,,,39.796,39.27,,,,,,,,,,,,41.806,35.2,33.9,30,30,,29.058,107.144,117.841,129.293,149.196,,,237.397,244.459,125.61,130.761,,,,,,,,,,,,,,,,,,,,,120,,,,,,,,,322,243,240,314,314,92,101,,,,,,,62,57,110,114,150,139,277,273.94,161,158,118,121,78,72,,,179,172,,,274,276
1906,,,,,,,,,,,,,,,,,115.343,122.715,130.142,128.527,64.128,65.618,,,,,,,,,,30.504,,,,,,,,,,,,,,,,,,,,,,,,,,,,,33.718,34.995,,,,,,,,,,,,23.34,36.5,35.2,24.8,23.5,,17.955,89.012,100.403,109.478,110.31,,,159.5,178.24,112.623,112.783,,,,,,,,,,,,,,,,,,,,,71,72.87,,,,,,,,245,219,216,269,272,86,74,,,,,,,52,50,74,74,102,100,224,224.06,141,146,121,102,70,63,,,191,188,,,226,249
1907,,,,,,,,,,,,,,,,,66.46,67.936,101.65,100.878,53.039,50.732,,,,,,,,,,19.336,,,,,,,,,,,,,,,,,,,,,,,,,,,,,25.383,24.047,,,,,,,,,,,,22.855,23.5,23.5,18.3,17,,14.112,73.446,68.613,81.889,79.9,,,129.687,135.893,60.152,61.247,,,,,,,,,,,,,,,,,,,,,89,84.49,,,,,,,171,156,130,124,185,196,54,63,,,,,,,40,39,48,46,92,87,138,128,97,101,73,74,45,49,,,103,98,,,117,114
1908,,,,,,,,,,,,,,,,,81.494,79.416,92.045,93.039,43.835,46.434,,,,,,,,,,17.775,,,,,,,,,,,,,,,,,,,,,,,,,,,,,21.485,23.023,,,,,,,,,,,,,22.2,20.9,18.3,19.6,,11.666,56.346,71.711,77.485,80.516,,,122.435,125.298,70.84,73.411,,,,,,,,,,,,,,,,,,,,,55,56.51,,,,,,,141,132,129,133,190,187,54,58,,,,,,,32,40,42,39,65,60,132,128,106,102,74,77,52,51,,,111,84,,,129,134
1909,,,,,,,,,,,,,,,,,58.111,57.296,55.091,54.482,30.59,28.952,,,,,,,,,,15.039,,,,,,,,,,,,,,,,,,,,,,,,,,,,,16.018,17.293,,,,,,,,,,,,,19.6,19.6,13,14.4,,10.466,34.708,49.621,60.232,60.046,,,86.04,89.774,48.711,50.953,,,,,,,,,,,,,,,,,,,,,54,66.44,,,,,,,95,98,97,95,118,128,42,50,,,,,180,201,32,34,32,31,58,51,112,102,77,78,67,64,31,35,,,50,48,,,72,68
1910,,,,,,,,,,,,,,,,,57.442,53.127,52.279,55.002,38.423,36.882,,,,,,,,,,19.984,,,,,,,,,,,,,,,,,,,,,,,,,,,,,29.168,26.742,,,,,,,,,,,,,23.5,23.5,18.3,18.3,,11.162,54.692,62.552,96.017,96.31,,,109.744,109.213,49.191,47.645,,,,,,,,,,,,,,,,,,,,,59,62.56,,,,,,,99,88,94,81,157,150,50,48,,,,,185,189,32,31,56,62,74,73,116,98,93,88,55,61,47,48,,,52,52,,,78,85
1911,,,,,,,,,,,,,,,,,45.827,43.488,55.866,54.863,30.923,29.353,,,,,,,,,,8.675,,,,,,,,,,,,,,,,,,,,,,,,,,,,,19.955,23.008,,,,,,,,,,,,,22.2,23.5,18.3,18.3,,11.162,50.405,54.081,42.206,46.302,,,71.078,68.44,33.667,35.067,,,,,,,,,,,,,,,,,,,,,56,65,,,,,,,83,84,96,100,129,131,48,39,,,,,148,162,20,21,36,32,84,85,100,120,82,81,34,34,43,38,,,34,34,,,88,78
1912,,,,,,,,,,,,,,,,,43.619,41.494,48.116,49.167,27.429,28.94,,,,,,,,,,11.451,,,,,,,,,,,,,,,,,,,,,,,,,,,,,30.698,31.264,,,,,,,,,,,,,26.1,23.5,24.8,22.2,,17.429,52.136,54.012,82.002,89.634,,,79.264,76.897,34.481,36.057,,,,,,,,,,,,,,,,,,,,,56,40,,,,,,,104,99,115,109,156,150,65,66,,,,,162,163,40,44,36,44,93,86,120,124,88,93,58,55,49,46,,,60,60,,,79,81
1913,,,,,,,,,,,,,,,,,23.074,24.593,34.747,33.89,9.352,10.711,,,,,,,,,,4.258,,,,,,,,,,,,,,,,,,,,,,,,,,,,,16.17,14.96,,,,,,,,,,,,,17,15.7,11.7,15.7,,9.071,39.944,43.518,51.402,51.884,,,39.914,44.413,18.258,16.98,,,,,,,,,,,,,,,,,,,,,36,39,,,,,,,84,85,101,96,98,105,50,58,,,,,101,99,24,29,24,17,54,58,106,124,75,78,38,43,19,24,,,62,64,,,46,49
1914,,,,,,,,,,,,,,,,,29.474,30.954,46.47,47.1,14.939,15.079,,,,,,,,,,6.544,,,,,,,,,,,,,,,,,,,,,,,,,,,,,31.5,30.64,,,,,,,,,,,,,23.5,24.8,20.9,19.6,,14.214,40.79,42.157,61.179,63.142,,,44.933,46.374,24.191,24.31,,,,,,,,,,,,,,,,,,,,,35,38,,,,,,,97,89,118,125,120,123,61,65,,,,,98,113,40,36,28,31,76,65,120,128,85,91,60,57,60,49,,,82,80,,,48,56
1915,,,,,,,,,,,,,,,,,56.829,54.503,74.485,73.17,51.254,49.328,,,,,,,,,,24.039,,,,,,,,,,,,,,,,,,,,,,,,,,,,,36.624,39.388,,,,,,,,,,,,,39.1,36.5,33.9,33.9,,33.219,66.611,71.869,99.88,114.624,,,93.161,83.674,52.171,55.433,,,,,,,,,,,,,,,,,,,,,76,86.29,,,,,,,117,114,144,145,138,146,95,101,,380,,,205,194,66,66,74,72,96,93,174,172,119,131,76,88,67,63,,,120,124,,,112,116
1916,,,,,,,,,,,,,,,,,37.243,37.031,37.176,39.298,25.389,29.315,,,,,,,,,,7.52,,,,,,,,,,,,,,,,,,,,,,,,,,,,,25.346,20.211,,,,,,,,,,,,,32.6,30,24.8,24.8,,,30.818,45.047,60.16,61.937,,,53.187,54.158,33.202,34.477,,,,,,,,,,,,,,,,,,,,,45,48.71,,,,,,,82,86,101,96,94,87,62,62,,363,,,140,138,35.95,38,23,24,62,66,110,124,76,86,73,65,53,39,,,74,69,,,47,41.92
1917,,,,,,,,,,,,,,,,,32.864,32.502,33.193,32.311,26.741,22.51,,,,,,,,,,7.052,,,,,,,,,,,,,,,,,,,,,,,,,,,,,10.461,26.873,,,,,,,,,,,,,26.1,20.9,14.4,18.3,,,32.355,35.616,37.242,36.597,,,52.916,52.87,27.546,27.199,175,190,,,,,,,,,,,,,,,,,,,32,33,,,,,,,59,46,76,77,69,66,58,61,,168,,,86,83,48.05,31,30,31,69,64,86,90,63,58,38,35,34,37,,,38,36,,,42,49.08
1918,,,,,,,,,,,,,,,,,26.583,27.846,14.122,16.733,12.055,15.286,,,,,,,,,,,,,,,,,,,,,,,,,,,,,,,,,,,,,,,14.656,8.323,,,,,,,,,,,,,23.5,22.2,11.7,10.4,,,28.073,25.703,54.567,56.82,,,43.108,41.333,22.908,23.779,170,177,,,,,,,,,,,,,,,,,,,42,48,,,,,,,45,54,67,72,85,86,36,38,179,166,,,78,80,34,39,27,26,60,59,76,86,47,54,33,33,39,31,,,50,39,,,60,63
1919,,,,,,,,,,,,,,,,,30.594,30.909,27.793,27.148,9.01,7.631,,,,,,,,,,,,,,,,,,,,,,,,,,,,,,,,,,,,,,,17.049,12.946,,,,,,,,,,,,,19.6,19.6,9.1,11.7,,,20.955,17.575,43.244,52.903,,,29.493,28.62,26.506,27.535,132,132,,,,,,,,,,,,,,,,,,,46,48,,,,,,,47,46,61,64,67,71,45,33,144,128,,,58,62,26,23,18,16,46,45,72,76,61,64,34,31,29,31,,,38,42,,,40,34
1920,,,,,,,,,,,,,,,,,32.906,31.438,26.566,27.847,12.338,11.674,,,,,,,,,,,,,,,,,,,,,,,,,,,,,,,,,,,,,,,16.783,16.411,,,,,,,,,,,,,13,11.7,15.7,14.4,,,20.361,26.92,51.613,52.436,,,53.175,50.014,31.945,32.431,101,101,,,,,,,,,,,,,,,,,,,38,39,,,,,,,51,51,55,61,66,60,50,41,105,99,,,52,50,28,28,34,29,44,46,74,76,60,55,26,28,25,25,,,44,39,,,33,33
1921,,,,,,,,,,,,,,,,,57.687,57.331,52.88,51.53,29.461,26.93,,,,,,,,,,,,,,,,,,,,,,,,,,,,,,,,,,,,,,,19.304,21.701,,,,,,,,,,,,,31.3,28.7,19.6,15.7,,,34.512,34.563,70.263,76.393,,,61.109,50.204,51.928,53.866,103,102,,,,,,,,,,,,,,,,,,,43,42,,,,,,,61,67,95,93,88,90,52,57,107,105,,,70,66,26,34,57,56,75,77,116,120,44,56,35,34,37,33,,,58,57,,,67,66
1922,,,,,,,,,,,,,,,,,45.027,45.968,44.756,43.272,24.684,23.049,,,,,,,,,,,,,,,,,,,,,,,,,,,,,,,,,,,,,,,14.376,12.737,,,,,,,,,,,,,22.2,18.3,17,20.9,,,28.656,30.094,52.62,47.989,,,62.757,54.942,44.17,42.248,128,130,,,,,,,,,,,,,,,,,,,42,48,,,284,,,,69,64,77,65,73,71,53,47,137,125,,,60,60,28,28,41,48,64,63,82,94,61,70,26,24,31,29,,,30,31,,,64,68
1923,,,,,,,,,,,,,,,,,59.779,59.101,51.379,51.716,28.217,25.973,,,,,,,,,,,,,,,,,,,,,,,,,,,,,,,,,,,,,,,34.992,32.713,,,,,,,,,,,,,,,22.2,22.2,,,26.222,33.592,72.12,86.077,,,75.039,66.558,62.439,62.993,109,108,,,,,,,,,,,,,,,,,,,42,45,,,290,,,,49,50,94,92,84,84,53,59,119,109,,,82,76,34,28,56,52,83,79,107,116,70,68,37,44,31,30,,,48,48,,,79,79
1924,,,,,,,,,,,,,,,,,54.376,54.625,42.171,42.885,31.406,33.199,,,,,,,,,,,,,,,,,,,,,,,,,,,,,,,,,,,,,,,38.566,40.592,,,,,,,,,,,,,,,19.6,22.2,,,43.61,40.094,72.429,68.462,,,68.634,59.77,58.232,58.399,135,132,,,,,,,,,,,,,,,,,,,31,26,,,254,,199.42,193.91,46,50,82,81,92,82,62,67,125,129,,,61,63,40,40,48,54,46,47,98,94,61,65,44,45,31,34,,,44,48,,,83,85
1925,,,,,,,,,,,,,,,,,50.888,48.317,37.225,36.457,26.465,24.245,,,,,,,,,,,,,,,,,,,,,,,,,,,,,,,,,,,,,,,29.335,28.124,,,,,,,,,,,,,,,18.3,19.6,,,25.96,24.466,24.453,12.816,,,53.521,47.021,48.383,46.181,81,81,,,,,,,,,,,,,,,,,,,39,36,,,257,,178.91,183.87,60,50,70,74,72,70,55,49,89,83,,,51,49,38,36,34,34,55,53,82,88,59,65,41,34,28,31,,,52,46,,,76,81
1926,,,,,,,,,,,,,,,,,47.947,48.572,35.003,31.859,11.237,10.532,,,,,,,,,,,,,,,,,,,,,,,,,,,,,,,,,,,,,,,12.795,12.255,,,,,,,,,,,,,,,14.4,11.7,,,19.913,14.949,30.024,35.03,,,45.161,38.188,53.386,56.125,58,55,,,,,,,,,,,,,,,,,,,32,39.53,,,232,,174.15,172.03,37,44,74,75,55,52,30,34,61,54,,,48,46,19,21,24,22,25,29,46,54,46,39,25,19,22,23,,,42,40,,,56,53
1927,,,,,,,,,,,,,,,,,51.225,48.689,56.67,57.703,29.237,28.295,,,,,,,,,,,,,,,,,,,,,,,,,,,,,,,,,,,,,,,34.637,33.655,,,,,,,,,,,,,,,14.4,18.3,,,25.697,30.674,65.62,67.448,,,30.976,39.493,57.168,53.795,77.77,73,,,,,,,,,,,,,,,,,,,45,48.47,,,152,159,163.39,162.22,81,74,79,76,88,88,68,,78,76,,,67,69,29,27,45,46,50,41,92,90,57,51,45,43,38,28,,,46,42,,,82,82
1928,,,,,,,,,,,,,,,,,36.209,34.913,26.018,23.694,21.863,20.609,,,,,,,,,,,,,,,,,,,,,,,,,,,,,,,,,,,,,,,12.976,13.03,,,,,,,,,,,,,,,11.7,10.4,,,27.335,15.246,53.857,60.517,,,56.31,47.176,41.96,41.715,79.23,73,,,,,,,,,,,,,,,,,,,34,33.82,,,206,221,123.65,120.14,37,42,69,68,68,64,37,,79,76,,,51,52,22,32,41,44,41,48,64,76,,51,40,34,34,29,,,22,22,,,57,64
1929,,,,,,,,,,,,,,,,,48.168,47.658,58.25,55.657,37.544,39.647,,,,,,,,,,,,,,,,,,,,,,,,,,,,,,,,,,,,,,,27.508,28.15,,,,,,,,,,,,,,,19.6,20.9,,,41.365,,79.449,85.141,,,93.229,80.066,58.245,55.849,109,108,,,,,,,,,,,,,,,,,,,51,58.18,,,141,144,148.75,152.5,61,59,84,90,99,87,50,,110,108,,,84,87,31,,78,78,60,64,90,84,,78,28.68,48,39,41,,,44,54,,,120,115
1930,,,,,,,,,,,,,,,,,34.122,32.364,32.238,34.58,11.169,11.103,,,,,,,,,,,,,,,,,,,,,,,,,,,,,,,,,,,,,,,14.713,17.005,,,,,,,,,,,,,,,10.4,9.1,,,16.237,,38.456,40.799,,,50.279,41.182,31.632,29.952,50,46,,,,,,,131,130,,,,,,,,,,,29,31,,,149,157,83.46,87.08,27,41,50,49,58,44,32,,50,46,,,50,52,28,,30,28,46,40,42,46,,72,41.32,25,22,22,,,26,24,,,34,39
1931,,,,,,,,,,,,,,,,,43.026,44.861,40.437,42.312,20.224,18.63,,,,,,,,,,,,,,,,,,,,,,,,,,,,,,,,,,,,,,,23.761,19.514,,,,,,,,,,,,,,,15.7,13,,,11.481,,58.771,64.604,,,65.469,55.015,48.582,49.644,79,80,,,,,,,156,161,,,,,,,,,,,43,44,,,102,126,126.33,118.42,61,42,70,71,75,72,40,,90,82,,,81,78,24,,54,54,49,52,78,74,,66,44,37,25,22,,,46,44,,,82,84
1932,,,,,,,,,,,,,,,,,31.782,31.822,21.437,21.095,9.045,9.17,,,,,,,,,,,,,,,,,,,,,,,,,,,,,,,,,,,,,,,12.931,12.496,,,,,,,,,,,,,,,6.5,9.1,,,12.537,,29.465,29.516,,,22.659,22.281,29.834,30.392,46,47,,,,,,,110,111,,,,,,,,,,,36,36,,,111,114,82,88,37,37,45,46,60,58,42,,51,48,,,43,47,13,,31,34,24,26,50,60,,41,28,24,17,20,,,33,27,,,54,54
1933,,,,,,,,,,,,,,,,,28.36,27.269,16.367,16.862,7.775,8.976,,,,,,,,,,,,,,,,,,,,,,,,,,,,,,,,,,,,,,,14.289,13.934,,,,,,,,,,,,,,,7.8,6.5,,,6.514,,30.851,30.083,,,18.26,22.436,26.433,24.386,43,37,,,,,,,82,81,,,,,,,,,,,26,30,,,139,162.38,68.4,75,24,24,46,38,57,50,35,,45,38,,,38,38,14,,25,28,24,17,30,36,,,20,20,16,17,,,24,21,,,31,35
1934,,,,,,,,,,,,,,,,,41.443,40.773,52.734,51.164,31.381,30.461,,,,,,,,,,,,,,,,,,,,,,,,,,,,,,,,,,,,,,,31.256,33.566,,,,,,,,,,,,,,,15.7,18.3,,,20.099,,64.349,71.094,,,52.018,45.982,53.901,55.068,82,86,,,,,,,168,165.33,,,,,,,,,,,50,51.95,,,145,152.62,98.92,98,58,54,63,64,46,46,50,,86,84,,,56,54,44,,58,50,55,51,74,75,,,33,38,28,24,,,58,58,,,78,76
1935,,,,,,,,,,,,,,,,,48.404,49.403,48.78,47.566,36.896,32.331,,,,,,,,,,,,,,,,,,,,,,,,,,,,,,,,,,,,,,,34.756,37.308,,,,,,,,,,,,,,,23.5,24.8,,,19.82,,71.447,73.62,,,72.579,61.13,55.262,55.443,94,86,,,,,,,136,131.67,,,,,,,,,,,57,57.05,,,194,198,100.68,94,57,61,85,80,69,68,47,,97,92,,,60,63,35,,59,62,58,60,86,86,,,33.73,44,29,29,,,44,44,,,51,53
1936,,,,,,,,,,,,,,,,,47.307,42.837,48.061,47.974,26.147,23.139,,,,,,,,,,,,,,,,,,,,,,,,,,,,,,,,,,,,,,,36.56,35.028,,,,,,,,,,,,,,,19.6,19.6,,,,,62.816,67.29,,,59.588,50.801,50.136,50.069,55,54,,,,,,,152,153,,,,,,,,,,,52,56,,,162,158.67,98,99,50,44,71,77,62,61,34,,52,50,,,90,86,41,,54,56,41,50,84,90,,,50.27,37,34,31,,,49,50,,,74,68
1937,,,,,,,,,,,,,,,,,37.16,40.178,49.105,45.863,26.459,29.758,,,,,,,,,,,,,,,,,,,,,,,,,,,,,,,,,,,,,,,31.335,25.935,,,,,,,,,,,,,,,19.6,19.6,,,,,67.132,69.573,,,65.214,49.711,44.242,41.774,68,65,,,,,,,129,130,,,,,,,,,,,36,37,,,140,160.33,88,90,54,62,73,81,80,60,62,,69,70,,,90,87,41,,50,49,38,42,76,87,,,34,37,27,29,,,39.16,54,,,72,77
1938,,,,,,,,,,,,,,,,,35.817,36.228,40.785,44.503,10.417,9.564,,,,,,,,,,,,,,,,,,,,,,,,,,,,,,,,,,,,,,,21.952,25.816,,,,,,,,,,,,,,,17,15.7,,,,,29.751,34.464,,,44.838,37.826,38.941,38.16,57,55,,,,,,,80,85,,,,,,,,,,,40,42,,,152,136.33,82,84,41,29,61,53,57,56,,,56,58,,,54,56,28,,28,30,33,36,59,56,,,37,35,25,29,,,50.84,43,,,49,48
1939,,,,,,,,,,,,,,,,,33.47,29.362,34.891,33.312,,,,,,,,,,,,,,,,,,,,,,,,,,,,,,,,,,,,,,,,,14.608,17.115,,,,,,,,,,,,,,,13,15.7,,,,,37.598,39.89,,,16.257,14.812,30.639,30.307,48,45,,,,,,,74,72,,,,,,,,,,,30,32,,,108,96.67,76,68,23,23,47,44,45,56,,,48,36,,,48,54,23,,,,32,32,73,78,,,21,20,19,17,,,30,31,,,35,32
1940,,,,,,,,,,,,,,,,,20.391,20.874,20.002,20.295,,,,,,,,,,,,,,,,,,,,,,,,,,,,,,,,,,,,,,,,,14.581,13.9,,,,,,,,,,,,,,,13,14.4,,,,,33.663,35.358,,,18.04,13.481,26.87,27.169,37,33,,,,,,,71,70,,,,,,,,,,,41,48,,,121,104.76,72.5,74,29,26,57,63,44,34,,,42,39,,,56,51,,,,,28,25,63,72,,,19,15,22,19,,,36,22,,,42,36
1941,,,,,,,,,,,,,,,,,47.324,47.754,54.307,57.231,,,,,,,,,,,,,,,,,,,,,,,,,,,,,,,,,,,,,,,,,50.306,51.993,,,,,,,,,,,,,,,33.9,33.9,,,,,76.045,73.414,,,51.498,41.818,61.335,58.405,102,94,,,,,,,134,133,,,,,,,,,,,72,78,,,218,209.24,123.5,131,72,75,95,91,92,80,,,110,102,,,90,88,,,,,77,91,56,52,,,44,50,35,42,,,65,73,,,94,98
1942,,,,,,,,,,,,,,,,,36.688,34.881,30.162,26.144,,,,,,,,,,,,,,,,,,,,,,,,,,,,,,,,,,,,,,,,,23.375,23.348,,,,,,,,,,,,,,,18.3,17,,,,,,42.075,,,42.531,31.552,43.514,42.357,69,69,,,,,,,76,76,,,,,,,,,,,42,39,,,147,149,80,81,44,40,51,52,74,75,,,68,66,,,76,75,,,,,57,56,46,58,,,,36,35,31,,,30,32,,,35,36
1943,,,,,,,,,,,,,,,,,15.916,14.938,17.583,19.265,,,,,,,,,,,,,,,,,,,,,,,,,,,,,,,,,,,,,,,,,,,,,,,,,,,,,,,,,10.4,9.1,,,,,,6.823,,,10.646,7.051,20.55,24.11,39,39,,,,,,,46,46,,,,,,,,,,,34,35,,,89,104.29,66,64,30,29,38,40,54,42,,,44.74,41,,,40,42,,,,,50,47,48,40,,,,,15,20,,,28,23,,,23,19
1944,,,,,,,,,,,,,,,,,,,44.577,40.383,,,,,,,,,,,,,,,,,,,,,,,,,,,,,,,,,,,,,,,,,,,,,,,,,,,,,,,,,13,15.7,,,,,,42.633,,,41.667,30.554,23.851,32.92,66,60,,,,,,,88,90,,,,,,,,,,,42,45,,,135,120.71,72,71,45,43,64,61,57,54,,,62.26,58,,536,48,46,,,,,41,39,,,,,,,30,21,,,35,33,,,79,81
1945,,,,,,,,,,,,,,,,,,,40.636,40.022,,,,,,,,,,,,,,,,,,,,,,,,,,,,,,,,,,,,,,,,,,,,,,,,,,,,,,,,,,,,,,,,42.217,,,28.639,,,,58,58,,,,,,,82,90,,,,,,,,,116,117,33,34,,,87,77.33,72,72,43,33,,51,60.63,62,,,58,58,,447,44,45,,,,,38,34,,,,,,,24,22,,,32,36,,,52,48
1946,,,,,,,,,,,,,,,,,,,27.629,26.293,,,,,,,,,,,,,,,,,,,,,,,,,,,,,,,,,,,,,,,,,,,,,,,,,,,,,,,,,,,,,,,,19.517,,,,,,,28,27,,,,,,,58,56.4,,,,,,,,,72,65,29,32,,,62,65.67,58,54,24,24,,40,47.37,38,,,30,28,,281,36,33,,,,,27,32,,,,,,,14,17,,,16,16,428,,27,24
1947,,,,,,,,,,,,,,,,,,,28.354,32.949,,,,,,,,,,,,,,,,,,,,,,,,,,,,,,,,,,,,,,,,,,,,,,,,,,,,,,,,,,,,,,,,30.72,,,,,,,31.83,35.24,,,,,,,88,87.6,,,,,,,,,68,65,31,37,,,92,111,58,67,43,41,,31,,34,,,37.71,33,,314,48,49,,,,,33,27,,,,,,,27,22,,,22,21,401,405,48,37
1948,,,,,,,,,,,,,,,,,,,34.059,,,,,,,,,,,,,,,,,,,,,,,,,,,,,,,,,,,,,,,,,,,,,,,,,,,,,,,,,,,,,,,,,,,,,,,,48.17,53.76,,,,,,,58,62,,,,,,,,,69,72,22,18,,,86,79,74,69,,,,,,,,,52.29,56,,284,40,40,,,,,41,,,,,,,,,,,,,,440,409,17,22
1949,,,,,,,,,,,,,,,,,,,22.803,,,,,,,,,,,,,,,,,,,,,,,,,,,,,,,,,,,,,,,,,,,,,,,,,,,,,,,,,,,,,,,,,,,,,,,,25,21,,,,,,,37,35,,119,,,,,,,47,55,14,12,,,46,54,40,39,,,,,,,,,23,44,,151,22,24,,,,,27,,,,,,,,,,,,,,311,297,20,30
1950,,,,,,,,,,,,,,,,,,,12.094,,,,,,,,,,,,,,,,,,,,,,,,,,,,,,,,,,,,,,,,,,,,,,,,,,,,,,,,,,,,,,,,,,,,,,,,22,22,,,,,,,23,22,,93,,,,,,,44,51,13,10,,,55,46.25,42,43,,,,,,,,,19,43,,126,28,30,,,,,18,,,,,,,,,,,,,,226,218,21,19
1951,,,,,,,,,,,,,,,,,,,27.791,,,,,,,,,,,,,,,,,,,,,,,,,,,,,,,,,,,,,,,,,,,,,,,,,,,,,,,,,,,,,,,,,,455.529,457.716,,,,,48,47,,,,,,,32,29,116,120,,,,,,,54.34,55,21,28.5,,,56,60.75,46,47,,,,,,,,,42,73,,120,33,32,,,,,21,,,,,,,,,,,,,,211,212,17,21
1952,,,,,,,,,,,,,,,,,,,24.524,,,,,,,,,,,,,,,,,,,,,,,,,,,,,,,,,,,,,,,,,,,,,,,,,,,,,,,,,,,,,,,,,,482.234,486.843,,,,,72,69,,,,,,,53,56,129,135,,,,,,,65.66,53,27,32.5,,,57,63,52,52,,,,,,,,,68,85,,125,39,39,,,,,48,,,,,,,,,,,,,,274,272,36,31
1953,,,,,,,,,,,,,,,,,,,25.756,,,,,,,,,,,,,,,,,,,,,,,,,,,,,,,,,,,,,,,,,,,,,,,,,,,,,,,,,,,,,,,,,,415.435,415.385,,,,,77,85.4,,,,,,,35,37,137,140,,,,,,,62,63,22,18,,,92,99.33,66,62,,,,,,,,,75,50,,143,43,42,,,,,33,,,,,,,,,,,,,,274,254,49,37
1954,,,,,,,,,,,,,,,,,,,22.7,,,,,,,,,,,,,,,,,,,,,,,,,,,,,,,,,,,,,,,,,,,,,,,,,,,,,,,,,,,,,,,,,,393.407,401.353,,,,,56,52.6,,,,,,,19,16,100,94,,,,,,,46.23,46.23,14,12,,,62,64.67,52,52,,,,,,,,,56,53,130.22,127,34,34,,,,,34,,,,,,,,,,,,,,168,173,36,45
1955,,,,,,,,,,,,,,,,,,,16.389,,,,,,,,,,,,,,,,,,,,,,,,,,,,,,,,,,,,,,,,,,,,,,,,,,,,,,,,,,,,,,,,,,304.571,305.27,,,,,32,35,,,,,,,26,26,98,100,,,,,,,46.77,46.77,9,7,,,57,52,48,48,,,,,,,,,37,43,112,115,33,34,,,,,30,,,,,,,,,,,,,,158,152,,
1956,,,,,,,,,,,,,,,,,,,18.364,,,,,,,,,,,,,,,,,,,,,,,,,,,,,,,,,,,,,,,,,,,,,,,,,,,,,,,,,,,,,,,,,,191.012,180.119,,,,,21,21,,,,,,,20,20,74,75,,,,,,,40,35,10,15,,,23,32,34,36,,,,,,,,,15,51,75,76,31,26,,,,,,,,,,,,,,,,,,,84,89,,
1957,,,,,,,,,,,,,,,,,,,19.909,,,,,,,,,,,,,,,,,,,,,,,,,,,,,,,,,,,,,,,,,,,,,,,,,,,,,,,,,,,,,,,,,,301.434,314.642,,,,,44,43,,,,,,,56,56,121.82,123.08,,,,,,,52,57,47,45,,,58,57,52,53,,,,,,,,,37,42,135,138,48,47,,,,,,,,,,,,,,,,,,,138,133,,
1958,,,,,,,,,,,,,,,,,,,,,,,,,,,,,,,,,,,,,,,,,,,,,,,,,,,,,,,,,,,,,,,,,,,,,,,,,,,,,,,,,,,,,302.781,297.629,,,,,51,49,,,,,,,49.88,50,114.18,118.92,,,,,,190,62,62,35,33.25,,,60,67,60,58,,,,,,,,,49,,132,133,56,62,,,,,,,,,,,,,,,,,,,142,139,,
1959,,,,,,,,,,,,,,,,,,,,,,,,,,,,,,,,,,,,,,,,,,,,,,,,,,,,,,,,,,,,,,,,,,,,,,,,,,,,,,,,,,,,,292.608,297.771,,,,,43,44,,,,,,,83.12,82,116,118,,,,,,111,50,50,29,30.21,,,42,52,62,60,,,,,,,,,48,,105,148,50,47,,,,,,,,,,,,,,,,,,,129,129,,
1960,,,,,,,,,,,,,,,,,,,,,,,,,,,,,,,,,,,,,,,,,,,,,,,,,,,,,,,,,,,,,,,,,,,,,,,,,,,,,,,,,,,,,216.132,216.092,,,,,29,28,,,,,,,54,56,114,108,,,147.47,152,,169,42,42,19,24.54,,,27,26,50,49,,,,,,,,,,,87,106,36,35,,,,,,,,,,,,,,,,,,,109,111,,
1961,,,,,,,,,,,,,,,,,,,,,,,,,,,,,,,,,,,,,,,,,,,,,,,,,,,,,,,,,,,,,,,,,,,,,,,,,,,,,,,,,,,,,185.478,190.383,,,,,23,22,,,,,,,43,43,112,107,,,121.21,122,,181,30,30,20,20,,,33,40.66,48,47,,,,,,,,,,,64,86,38,39,,,,,,,,,,,,,,,,,,,82,78,,
1962,,,,,,,,,,,,,,,,,,,,,,,,,,,,,,,,,,,,,,,,,,,,,,,,,,,,,,,,,,,,,,,,,,,,,,,,,,,,,,,,,,,,,147.534,143.109,,,,,21,23,106,110,,93,,,36,36,82,86,,,87.85,93,74,73,33,27,23,18,,,27,24.65,38,42,,,,,,,,,,,61,66,24,28,,,,,,,,,,,,,,,,,,,71,74,,
1963,,,,,,,,,,,,,,,,,,,,,,,,,,,,,,,,,,,,,,,,,,,,,,,,,,,,,,,,,,,,,,,,,,,,,,,,,,,,,,,,,,,,,160.234,156.358,,,,,16,21,136,140.66,,102,,,35,37,110,113,,,107.82,108,84,86,28,34,27,29,78,82,35,36.02,48,47,,,,,,,,,,,61,72,30,29,,,,,,,,,,,,,,,,,,,72,74,,
1964,,,,,,,,,,,,,,,,,,,,,,,,,,,,,,,,,,,,,,,,,,,,,,,,,,,,,,,,,,,,,,,,,,,,,,,,,,,,,,,,,,,,,145.812,150.261,,,,,18.9,21,119.76,113.34,102,101,258,,24,27,98.58,94.1,,,96,97,64,63,37,37,22,20,59,57,35,42.06,48,49,,,,,,,,,,,46,63,28,37,,,,,,,,,,,,,,,,,,,74,71,,
1965,,,,,,,,,,,,,,,,,,,,,,,,,,,,,,,,,,,,,,,,,,,,,,,,,,,,,,,,,,,,,,,,,,,,,,,,,,,,,,,,,,,,,76.391,74.194,,,,,7.1,11,64.24,66,64.62,63,120,118,11,8,44.42,42.9,,,58,59,32,32,25,25,7,8,30,28,15,15.61,24,28,,,,,,,,,,,28,22,12,23,,,,,,,,,,,,,,,,,,,35,37,,
1966,,,,,,,,,,,,,,,,,,,,,,,,,,,,,,,,,,,,,,,,,,,,,,,,,,,,,,,,,,,,,,,,,,,,,,,,,,,,,,,,,,,,,93.972,98.597,,,,,24,23,102,107,102.38,105,171,164,26,25,72,74,328,,81,79,77,79,25,25,24,23.37,54,50,38,33.27,42,41,,,,,,,,,,,58,53,22,31,,,,,,,,,,,,,,,,435,,,40,35,,
1967,,,,,,,,,,,,,,,,,,,,,,,,,,,,,,,,,,,,,,,,,,,,,,,,,,,,,,,,,,,,,,,,,,,,,,,,,,,,,,,,,,,,,87.12,86.244,,,,,20,21,92,88,105.52,104.18,132,129,19,17,42,41,313,,79,77,85,82,37,37,22,24.63,54,56,41,45.08,40,45,,,,,,,,,,,64,65,28,34,,,,,,,,,,,,,,,411,397,,,57,62,,
1968,,,,,,,,,,,,,,,,,,,,,,,,,,,,,,,,,,,,,,,,,,,,,,,,,,,,,,,,,,,,,,,,,,,,,,,,,,,,,,,,,,,,,102.966,104.44,,,,,28,30,92,93,110.11,108.52,132,129,48,49,70.86,71.9,277,,60,63,43,42,30,32,26,26,51,52,39,37.65,60,46,,,,,,,,,,,64,75,36,33,,,,,,,,,,,,,,,367,342,,,60,59,,
1969,,,,,,,,,,,,,,,,,,,,,,,,,,,,,,,,,,,,,,,,,,,,,,,,,,,,,,,,,,,,,,,,,,,,,,,,,,,,,,,,,,,,,67.464,68.944,,,,,26,24,60,70,71.37,72.3,94,97,24,22,40.14,43.1,185,190,47,46,87,88,28,26,15,15,41,37,20,25.45,29.38,38,,,,,,,,,,,42,56,30,,,,,,,,,,,,,,,,211,202,,,41,39,,
1970,,,,,,,,,,,,,,,,,,,,,,,,,,,,,,,,,,,,,,,,,,,,,,,,,,,,,,,,,,,,,,,,,,,,,,,,,,,,,,,,,,,,,80.556,81.447,,,,,17.88,19.35,76,82.8,76,76,80,80,40,42,57,55,205,203,41.1,34,68,68,22,22,16,15,31,36,26,29.15,46.62,38,,,,,,,,,,,46,48,,,,,,,,,,,,,,,,,200,192,,,38,40,,
1971,,,,,,,,,,,,,,,,,,,,,,,,,,,,,,,,,,,,,,,,,,,,,,,,,,,,,,,,,,,,,,,,,,,,,,,,,,,,,,,,,,,,,50.081,50.808,,,,,13.12,13.65,60,45.2,91,91,62,62,27,26,39,38,158,159,40.07,44,99,98,25,25,8,9,27,28,19,19.4,42,47,,,,,,,,,,,43,60,,,,,,,,,,,,,,,,,150,141,,,35,34,,
1972,,,,,,,,,,,,,,,,,,,,,,,,,,,,,,,,,,,,,,,,,,,,,,,,,,,,,,,,,,,,,,,,,,,,,,,,,,,,,,,,,,,,,36.457,36.656,,,,,30,29,66,71,85,86,48,49,18,33,22.7,23,131,136,29.83,29,63,64,25,19,11,13,27,26,,,36,33.48,,,,,,,,,,,38,66,,,,,,,,,,,,,,,,,134,134,,,44,42,,
1973,,,,,,,,,,,,,,,,,,,,,,,,,,,,,,,,,,,,,,,,,,,,,,,,,,,,,,,,,,,,,,,,,,,,,,,,,,,,,,,,,,,,,41.923,43.293,,,,,20,22,82,78,104.46,101.11,46,48,17.88,41,26.3,22,133,132,38.23,38,70,70,27,29,16,17.84,36,34,,,34,32.52,,,,,,,,,,,40,57,,,,,,,,,,,,,,,,,131,128,,,42,40,,
1974,,,,,,,,,,,,,,,,,,,,,,,,,,,,,,,,,,,,,,,,,,,,,,,,,,,,,,,,,,,,,,,,,,,,,,,,,,,,,,,,,,,,,53.216,53.411,,,,,31,31.3,84,90,107.54,108.89,61,60,38.12,21.65,43,46.13,148,150.92,44.77,37,43,44,29,33,23,25.16,34,37,,,40,46,,,,,,,,,,,56,84,,,,,,,,,,,,,,,,,110,115,,,49,51,,
1975,,,,,,,,,,,,,,,,,,,,,,,,,,,,,,,,,,,,,,,,,,,,,,,,,,,,,,,,,,,,,,,,,,,,,,,,,,,,,,,,,,,,,40.758,39.932,,,,,22.68,22.7,73,75.67,89,88.27,53,54,19,34.77,32.62,31.07,129,128.97,36,38,78,78.73,32,29,11,8.93,32,29,,,46,41,,,,,,,,,,,53,73,,,,,,,,,,,,,,,,,104,101,,,30,34,,
1976,,,,,,,,,,,,,,,,,,,,,,,,,,,,,,,,,,,,,,,,,,,,,,,,,,,,,,,,,,,,,,,,,,,,,,,,,,,,,,,,,,,,,45.446,45.07,,,,,11.32,11,72,67.33,83,80.92,55,56,38,46.58,35.38,41.81,114.08,116.68,35,38,69,67.27,27,30,14,15.07,28,29,,,34,34,,,,,,,,,,,47,64,,,,,,,,,,,,,,,,,94,95,,,24,22,,
1977,,,,,,,,,,,,,,,,,,,,,,,,,,,,,,,,,,,,,,,,,,,,,,,,,,,,,,,,,,,,,,,,,,,,,,,,,,,,,,,,,,,,,57.225,58.687,,,,,22.7,26,110,107,113.48,112.81,76,74,48,39,69,73,144.92,140.42,52,49,100,100,33,33,27,27,41,45,,,68,69,,,,,,,,,,,66,87,,,,,,,,,,,,,,,,,124,126,,,39,40,,
1978,,,,,,,,,,,,,,,,,,,,,,,,,,,,,,,,,,,,,,,,,,,,,,,,,,,,,,,,,,,,,,,,,,,,,,,,,,,,,,,,,,,,,79.866,81.727,,,,,20.3,27,90,86,94.52,95,57,56,58,25,86,88,146,154.84,57,59,115,115,31.22,31.22,13,12,41,40,,,54,55,,,,,,,,,,,42,94,,,,,,,,,,,,,,,,,162,162,,,78,74,,
1979,,,,,,,,,,,,,,,,,,,,,,,,,,,,,,,,,,,,,,,,,,,,,,,,,,,,,,,,,,,,,,,,,,,,,,,,,,,,,,,,,,,,,80.167,79.199,,,,,27,30.6,126,130,108,112.17,56,55,77,82,90,93,174,171.16,65,61,117,104,32.78,32.78,27,30,45.74,42.85,,,59.48,56,,,,,,,,,,,69,86,,,,,,,,,,,,,,,,,142,140,,,77,79,,
1980,,,,,,,,,,,,,,,,,,,,,,,,,,,,,,,,,,,,,,,,,,,,,,,,,,,,,,,,,,,,,,,,,,,,,,,,,,,,,,,,,,,,,103.248,111.19,,,,,46.75,47.4,110,121,120.59,116.06,85,86,109,91,81,82,180,178,57,52.01,100,112,46,46,36,38,53.26,53.15,,,63.83,66,,,,,,,,,,,82,101,,,,,,,,,,,,,,,,,163,162,,,83,85,,
1981,,,,,,,,,,,,,,,,,,,,,,,,,,,,,,,,,,,,,,,,,,,,,,,,,,,,,,,,,,,,,,,,,,,,,,,,,,,,,,,,,,,,,93.754,104.54,,,,,71.25,56.53,80,70,129.41,129.78,78,75,88,86,92,91,188,196,79,84.99,134,134,47,45,34,36,58.17,58,,,72.7,68,,,,,,,,,,,95,125,,,,,,,,,,,,,,,,,188,187,,,70,75,,
1982,,,,,,,,,,,,,,,,,,,,,,,,,,,,,,,,,,,,,,,,,,,,,,,,,,,,,,,,,,,,,,,,,,,,,,,,,,,,,,,,,,,,,46.879,54.116,,,,,17,26.07,90,98.87,72,72,48,47,40,38,57,80,118,124,44,39,60,64,25,27,15,18,30.83,27,,,30,37,,,,,,,,,,,48,77,,,,,,,,,,,,,,,,,97,95,,,33,35,,
1983,,,,,,,,,,,,,,,,,,,,,,,,,,,,,,,,,,,,,,,,,,,,,,,,,,,,,,,,,,,,,,,,,,,,,,,,,,,,,,,,,,,,,81.41,86.734,,,,,17,14.4,107.38,96.9,81.66,82,50,49,115,104.81,82,80,105,106,63,67.01,86,82,27,27,23,21,39,40,,,58,47,,,,,,,,,,,79,97,,,,,,,,,,,,,,,,,127,125,,,33,28,,
1984,,,,,,,,,,,,,,,,,,,,,,,,,,,,,,,,,,,,,,,,,,,,,,,,,,,,,,,,,,,,,,,,,,,,,,,,,,,,,,,,,,,,,74.369,81.271,,,,,39,41.28,113.62,121.22,89.92,90,50.04,50,106,116.19,86.95,89.42,125,128,60,62.99,108,110,40,40,42,38,47,44,,,54,65,,,,,,,,,,,62,71,,,,,,,,,,,,,,,,,121,125,,,46,44,,
1985,,,,,,,,,,,,,,,,,,,,,,,,,,,,,,,,,,,,,,,,,,,,,,,,,,,,,,,,,,,,,,,,,,,,,,,,,,,,,,,,,,,,,33.212,38.708,,,,,20,25.72,66,72.62,53.34,53,40.96,41.44,21,27,37.05,41.58,76,76,31,25,41,41,28,28,11,16,28,27,,,42,37,,,,,,,,,,,44,58,,,,,,,,,,,,,,,,,83,82,,,24,24,,
1986,,,,,,,,,,,,,,,,,,,,,,,,,,,,,,,,,,,,,,,,,,,,,,,,,,,,,,,,,,,,,,,,,,,,,,,,,,,,,,,,,,,,,28.574,33.053,,,,,20,24,37.81,37.38,55.09,57,38,38.56,25,25.62,46,42,81,84,30,27,28,27,26,26,13,12,23,23,,,26,29,,,,,,,,,,,42,63,,,,,,,,,,,,,,,,,62,62,,,28,27,,
1987,,,,,,,,,,,,,,,,,,,,,,,,,,,,,,,,,,,,,,,,,,,,,,,,,,,,,,,,,,,,,,,,,,,,,,,,,,,,,,,,,,,,,30.614,32.912,,,,,27,34,79.94,80,59,59,39,36,32,30.38,41,44,96,94,46,48,22,26,32,32,21,18,24,24,,,36,33,,,,,,,,,,,43,74,,,,,,,,,,,,,,,,,79,79,,,33,34,,
1988,,,,,,,,,,,,,,,,,,,,,,,,,,,,,,,,,,,,,,,,,,,,,,,,,,,,,,,,,,,,,,,,,,,,,,,,,,,,,,,,,,,,,45.641,49.035,,,,,29,41,51.61,53,43,43.62,56,56,47,44.89,65,67,99,102,67,62,40,35,28,26,24,20,34,32,,,48,44,,,,,,,,,,,54,91,,,,,,,,,,,,,,,,,59,62,,,29,30,,
1989,,,,,,,,,,,,,,,,,,,,,,,,,,,,,,,,,,,,,,,,,,,,,,,,,,,,,,,,,,,,,,,,,,,,,,,,,,,,,,,,,,,,,45.275,47.339,,,,,48,50,59.65,60,71,69.38,55,54,44,43.11,54.96,53,105,102,59,57,39,40,40,42,23,32,32,31,,,26,40,,,,,,,,,,,63,60,,,,,,,,,,,,,,,,,87,82,,,35,36,,
1990,,,,,,,,,,,,,,,,,,,,,,,,,,,,,,,,,,,,,,,,,,,,,,,,,,,,,,,,,,,,,,,,,,,,,,,,,,,,,,,,,,,,,59.925,57.484,,,,,76,62.27,75.52,71.63,74,74,67,67,86,87,60.04,72,135,142,73,73.01,55,53,45.19,45.19,29,36,42,39,,,42,36,,,,,,,,,,,70,99,,,,,,,,,,,,,,,,,128,117,,,59,61,,
1991,,,,,,,,,,,,,,,,,,,,,,,,,,,,,,,,,,,,,,,,,,,,,,,,,,,,,,,,,,,,,,,,,,,,,,,,,,,,,,,,,,,,,51.122,49.036,,,,,31,35.4,74.48,84.37,60.98,62.18,48,49,56,53.56,61.77,52.46,91,98,58,54.99,56,57,28.81,28.81,25,23,33,35,,,37.27,36,,,,,,,,,,,81,82,,,,,,,,,,,,,,,,,63,71,,,25,23,,
1992,,,,,,,,,,,,,,,,,,,,,,,,,,,,,,,,,,,,,,,,,,,,,,,,,,,,,,,,,,,,,,,,,,,,,,,,,,,,,,,,,,,,,47.893,56.825,,,,,34,34.69,81,82,52.02,51.82,48,48.9,73,71.44,72.23,69.54,96,108,46,46,67,69,30,30,27,29,36,34,,,36.73,41,,,,,,,,,,,54,97,,,,,,,,,,,,,,,,,81,82,,,54,47,,
1993,,,,,,,,,,,,,,,,,,,,,,,,,,,,,,,,,,,,,,,,,,,,,,,,,,,,,,,,,,,,,,,,,,,,,,,,,,,,,,,,,,,,,44.684,49.135,,,,,35,37.05,72,60,48.89,49.25,42,40.1,66,64,47.82,53,86,90,36,32,48,46,27,27,30,29,30,30,,,38,43,,,,,,,,,,,35,77,,,,,,,,,,,,,,,,,70,71,,,26,29,,
1994,,,,,,,,,,,,,,,,,,,,,,,,,,,,,,,,,,,,,,,,,,,,,,,,,,,,,,,,,,,,,,,,,,,,,,,,,,,,,,,,,,,,,17.893,17.907,,,,,18,16.59,46,57.77,37.11,36.23,26.34,24,32,33,26.18,37,71,68,21,22,24,24,16,16,14,18,19,21,,,28,26,,,,,,,,,,,21,30,,,,,,,,,,,,,,,,,45,39,,,13,11,,
1995,,,,,,,,,,,,,,,,,,,,,,,,,,,,,,,,,,,,,,,,,,,,,,,,,,,,,,,,,,,,,,,,,,,,,,,,,,,,,,,,,,,,,36.342,43.434,,,,,38,32,72,66.23,56,54.52,31.66,34.74,56,55,52,53,88.18,100,44,42,56,58,22,22,27,30,26,23,,,40,39,,,,,,,,,,,56,62,,,,,,,,,,,,,,,,,66,71,,,23,25,,
1996,,,,,,,,,,,,,,,,,,,,,,,,,,,,,,,,,,,,,,,,,,,,,,,,,,,,,,,,,,,,,,,,,,,,,,,,,,,,,,,,,,,,,38.149,37.941,,,,,30,27,49,48,42,46,45,45.26,46,42,42,52,83.18,100,43,52,38,45,32,32,26,28,28,27,,,30,32,,,,,,,,,,,47,67,,,,,,,,,,,,,,,,,61,56,,,35,33,,
1997,,,,,,,,,,,,,,,,,,,,,,,,,,,,,,,,,,,,,,,,,,,,,,,,,,,,,,,,,,,,,,,,,,,,,,,,,,,,,,,,,,,,,44.454,36.675,,,,,55,54,135.28,145,47,46,41,37,74,77,57,75,93.64,105,56,59,90,80,24,24,43,47.25,30,25,,,36,34,,,,,,,,,,,63,86,,,,,,,,,,,,,,,,,50,51,,,45,42,,
1998,,,,,,,,,,,,,,,,,,,,,,,,,,,,,,,,,,,,,,,,,,,,,,,,,,,,,,,,,,,,,,,,,,,,,,,,,,,,,,,,,,,,,59.715,58.984,,,,,,70,92.72,104,77,79.21,66.13,62,88,86,97,97,137,158,84,80,125,127,50,50,59,53.75,43,47,,,62,67,,,,,,,,,,,70,143,,,,,,,,,,,,,,,,,126,120,,,,,,
1999,,,,,,,,,,,,,,,,,,,,,,,,,,,,,,,,,,,,,,,,,,,,,,,,,,,,,,,,,,,,,,,,,,,,,,,,,,,,,,,,,,,,,28.604,42.84,,,,,,27,84.69,79.62,51,53.79,37.87,39,,54,66,68,89,105,36,33,70,69,23,23,22,22,32,30,,,38,41,,,,,,,,,,,55,87,,,,,,,,,,,,,,,,,47,52,,,,,,
2000,,,,,,,,,,,,,,,,,,,,,,,,,,,,,,,,,,,,,,,,,,,,,,,,,,,,,,,,,,,,,,,,,,,,,,,,,,,,,,,,,,,,,26.333,32.574,,,,,,27,43.31,39.38,42.65,43,32,34.43,,48,42,50.24,84,79,15,21,56,65,20,20,22,21.55,,26,,,42,40,,,,,,,,,,,36,46,,,,,,,,,,,,,,,,,38,36,,,,,,
2001,,,,,,,,,,,,,,,,,,,,,,,,,,,,,,,,,,,,,,,,,,,,,,,,,,,,,,,,,,,,,,,,,,,,,,,,,,,,,,,,,,,,,17.378,21.367,,,,,,,59,68,45.35,42,27,22.57,,,39,36.87,73,75,,23,66,56,20,20,,,,,,,38,38,,,,,,,,,,,,,,,,,,,,,,,,,,,,,29,31,,,,,,
2002,,,,,,,,,,,,,,,,,,,,,,,,,,,,,,,,,,,,,,,,,,,,,,,,,,,,,,,,,,,,,,,,,,,,,,,,,,,,,,,,,,,,,12.433,11.391,,,,,,,81,88,,,17,15.82,,,34,33.88,78,,,,,,,,,,,,,,26,31,,,,,,,,,,,,,,,,,,,,,,,,,,,,,,,,,,,,
2003,,,,,,,,,,,,,,,,,,,,,,,,,,,,,,,,,,,,,,,,,,,,,,,,,,,,,,,,,,,,,,,,,,,,,,,,,,,,,,,,,,,,,31.22,25.569,,,,,,,,,,,15,19.18,,,32,35,,,,,,,,,,,,,,,,,,,,,,,,,,,,,,,,,,,,,,,,,,,,,,,,,,,,
2004,,,,,,,,,,,,,,,,,,,,,,,,,,,,,,,,,,,,,,,,,,,,,,,,,,,,,,,,,,,,,,,,,,,,,,,,,,,,,,,,,,,,,22.307,31.553,,,,,,,,,,,,,,,,,,,,,,,,,,,,,,,,,,,,,,,,,,,,,,,,,,,,,,,,,,,,,,,,,,,,
2005,,,,,,,,,,,,,,,,,,,,,,,,,,,,,,,,,,,,,,,,,,,,,,,,,,,,,,,,,,,,,,,,,,,,,,,,,,,,,,,,,,,,,36.093,32.594,,,,,,,,,,,,,,,,,,,,,,,,,,,,,,,,,,,,,,,,,,,,,,,,,,,,,,,,,,,,,,,,,,,,
2006,,,,,,,,,,,,,,,,,,,,,,,,,,,,,,,,,,,,,,,,,,,,,,,,,,,,,,,,,,,,,,,,,,,,,,,,,,,,,,,,,,,,,41.842,18.683,,,,,,,,,,,,,,,,,,,,,,,,,,,,,,,,,,,,,,,,,,,,,,,,,,,,,,,,,,,,,,,,,,,,
2007,,,,,,,,,,,,,,,,,,,,,,,,,,,,,,,,,,,,,,,,,,,,,,,,,,,,,,,,,,,,,,,,,,,,,,,,,,,,,,,,,,,,,14.158,19.927,,,,,,,,,,,,,,,,,,,,,,,,,,,,,,,,,,,,,,,,,,,,,,,,,,,,,,,,,,,,,,,,,,,,
2008,,,,,,,,,,,,,,,,,,,,,,,,,,,,,,,,,,,,,,,,,,,,,,,,,,,,,,,,,,,,,,,,,,,,,,,,,,,,,,,,,,,,,11.657,13.203,,,,,,,,,,,,,,,,,,,,,,,,,,,,,,,,,,,,,,,,,,,,,,,,,,,,,,,,,,,,,,,,,,,,
